file,帳票,行,列,濃さ,推定,label
scanned_document_109_p01_r01_c1.png,scanned_document_109_p01,1,2ヶ月,0.0,空欄,
scanned_document_109_p01_r01_c2.png,scanned_document_109_p01,1,4ヶ月,0.0,空欄,
scanned_document_109_p01_r01_c3.png,scanned_document_109_p01,1,8ヶ月,0.0,空欄,
scanned_document_109_p01_r01_c4.png,scanned_document_109_p01,1,1年,169.5,◎,
scanned_document_109_p01_r01_c5.png,scanned_document_109_p01,1,1年4ヶ月,0.0,空欄,
scanned_document_109_p01_r01_c6.png,scanned_document_109_p01,1,1年8ヶ月,0.0,空欄,
scanned_document_109_p01_r01_c7.png,scanned_document_109_p01,1,2年,0.0,空欄,
scanned_document_109_p01_r02_c1.png,scanned_document_109_p01,2,2ヶ月,162.4,◎,
scanned_document_109_p01_r02_c2.png,scanned_document_109_p01,2,4ヶ月,167.9,◎,
scanned_document_109_p01_r02_c3.png,scanned_document_109_p01,2,8ヶ月,169.6,◎,
scanned_document_109_p01_r02_c4.png,scanned_document_109_p01,2,1年,170.0,◎,
scanned_document_109_p01_r02_c5.png,scanned_document_109_p01,2,1年4ヶ月,169.2,◎,
scanned_document_109_p01_r02_c6.png,scanned_document_109_p01,2,1年8ヶ月,164.9,◎,
scanned_document_109_p01_r02_c7.png,scanned_document_109_p01,2,2年,165.5,◎,
scanned_document_109_p01_r03_c1.png,scanned_document_109_p01,3,2ヶ月,104.3,×,×
scanned_document_109_p01_r03_c2.png,scanned_document_109_p01,3,4ヶ月,110.1,◎,在庫なし
scanned_document_109_p01_r03_c3.png,scanned_document_109_p01,3,8ヶ月,35.2,空欄,空欄
scanned_document_109_p01_r03_c4.png,scanned_document_109_p01,3,1年,32.0,空欄,空欄
scanned_document_109_p01_r03_c5.png,scanned_document_109_p01,3,1年4ヶ月,32.9,空欄,空欄
scanned_document_109_p01_r03_c6.png,scanned_document_109_p01,3,1年8ヶ月,31.3,空欄,空欄
scanned_document_109_p01_r03_c7.png,scanned_document_109_p01,3,2年,28.0,空欄,空欄
scanned_document_109_p01_r04_c1.png,scanned_document_109_p01,4,2ヶ月,97.7,×,×
scanned_document_109_p01_r04_c2.png,scanned_document_109_p01,4,4ヶ月,108.5,◎,在庫なし
scanned_document_109_p01_r04_c3.png,scanned_document_109_p01,4,8ヶ月,0.0,空欄,空欄
scanned_document_109_p01_r04_c4.png,scanned_document_109_p01,4,1年,0.0,空欄,空欄
scanned_document_109_p01_r04_c5.png,scanned_document_109_p01,4,1年4ヶ月,0.0,空欄,空欄
scanned_document_109_p01_r04_c6.png,scanned_document_109_p01,4,1年8ヶ月,0.0,空欄,空欄
scanned_document_109_p01_r04_c7.png,scanned_document_109_p01,4,2年,0.0,空欄,空欄
scanned_document_109_p01_r05_c1.png,scanned_document_109_p01,5,2ヶ月,182.8,×,◎
scanned_document_109_p01_r05_c2.png,scanned_document_109_p01,5,4ヶ月,164.4,◎,在庫なし
scanned_document_109_p01_r05_c3.png,scanned_document_109_p01,5,8ヶ月,31.5,空欄,空欄
scanned_document_109_p01_r05_c4.png,scanned_document_109_p01,5,1年,29.6,空欄,空欄
scanned_document_109_p01_r05_c5.png,scanned_document_109_p01,5,1年4ヶ月,30.8,空欄,空欄
scanned_document_109_p01_r05_c6.png,scanned_document_109_p01,5,1年8ヶ月,30.1,空欄,空欄
scanned_document_109_p01_r05_c7.png,scanned_document_109_p01,5,2年,30.3,空欄,空欄
scanned_document_109_p01_r06_c1.png,scanned_document_109_p01,6,2ヶ月,182.7,×,◎
scanned_document_109_p01_r06_c2.png,scanned_document_109_p01,6,4ヶ月,0.0,空欄,空欄
scanned_document_109_p01_r06_c3.png,scanned_document_109_p01,6,8ヶ月,0.0,空欄,空欄
scanned_document_109_p01_r06_c4.png,scanned_document_109_p01,6,1年,0.0,空欄,空欄
scanned_document_109_p01_r06_c5.png,scanned_document_109_p01,6,1年4ヶ月,0.0,空欄,空欄
scanned_document_109_p01_r06_c6.png,scanned_document_109_p01,6,1年8ヶ月,31.4,空欄,空欄
scanned_document_109_p01_r06_c7.png,scanned_document_109_p01,6,2年,31.2,空欄,空欄
scanned_document_109_p01_r07_c1.png,scanned_document_109_p01,7,2ヶ月,31.4,空欄,空欄
scanned_document_109_p01_r07_c2.png,scanned_document_109_p01,7,4ヶ月,34.2,空欄,空欄
scanned_document_109_p01_r07_c3.png,scanned_document_109_p01,7,8ヶ月,31.4,空欄,空欄
scanned_document_109_p01_r07_c4.png,scanned_document_109_p01,7,1年,31.7,空欄,空欄
scanned_document_109_p01_r07_c5.png,scanned_document_109_p01,7,1年4ヶ月,30.4,空欄,空欄
scanned_document_109_p01_r07_c6.png,scanned_document_109_p01,7,1年8ヶ月,29.2,空欄,空欄
scanned_document_109_p01_r07_c7.png,scanned_document_109_p01,7,2年,30.5,空欄,空欄
scanned_document_109_p01_r08_c1.png,scanned_document_109_p01,8,2ヶ月,118.3,×,—
scanned_document_109_p01_r08_c2.png,scanned_document_109_p01,8,4ヶ月,180.7,×,◎
scanned_document_109_p01_r08_c3.png,scanned_document_109_p01,8,8ヶ月,166.3,◎,在庫なし
scanned_document_109_p01_r08_c4.png,scanned_document_109_p01,8,1年,0.0,空欄,空欄
scanned_document_109_p01_r08_c5.png,scanned_document_109_p01,8,1年4ヶ月,29.6,空欄,空欄
scanned_document_109_p01_r08_c6.png,scanned_document_109_p01,8,1年8ヶ月,31.6,空欄,空欄
scanned_document_109_p01_r08_c7.png,scanned_document_109_p01,8,2年,30.3,空欄,空欄
scanned_document_109_p01_r09_c1.png,scanned_document_109_p01,9,2ヶ月,107.5,—,—
scanned_document_109_p01_r09_c2.png,scanned_document_109_p01,9,4ヶ月,177.5,×,◎
scanned_document_109_p01_r09_c3.png,scanned_document_109_p01,9,8ヶ月,165.5,◎,在庫なし
scanned_document_109_p01_r09_c4.png,scanned_document_109_p01,9,1年,28.7,空欄,空欄
scanned_document_109_p01_r09_c5.png,scanned_document_109_p01,9,1年4ヶ月,29.8,空欄,空欄
scanned_document_109_p01_r09_c6.png,scanned_document_109_p01,9,1年8ヶ月,30.1,空欄,空欄
scanned_document_109_p01_r09_c7.png,scanned_document_109_p01,9,2年,30.3,空欄,空欄
scanned_document_109_p01_r10_c1.png,scanned_document_109_p01,10,2ヶ月,112.4,—,—
scanned_document_109_p01_r10_c2.png,scanned_document_109_p01,10,4ヶ月,0.0,空欄,空欄
scanned_document_109_p01_r10_c3.png,scanned_document_109_p01,10,8ヶ月,169.9,◎,在庫なし
scanned_document_109_p01_r10_c4.png,scanned_document_109_p01,10,1年,32.4,空欄,空欄
scanned_document_109_p01_r10_c5.png,scanned_document_109_p01,10,1年4ヶ月,29.9,空欄,空欄
scanned_document_109_p01_r10_c6.png,scanned_document_109_p01,10,1年8ヶ月,29.6,空欄,空欄
scanned_document_109_p01_r10_c7.png,scanned_document_109_p01,10,2年,30.5,空欄,空欄
scanned_document_109_p01_r11_c1.png,scanned_document_109_p01,11,2ヶ月,109.3,—,—
scanned_document_109_p01_r11_c2.png,scanned_document_109_p01,11,4ヶ月,29.8,空欄,空欄
scanned_document_109_p01_r11_c3.png,scanned_document_109_p01,11,8ヶ月,30.0,空欄,空欄
scanned_document_109_p01_r11_c4.png,scanned_document_109_p01,11,1年,28.7,空欄,空欄
scanned_document_109_p01_r11_c5.png,scanned_document_109_p01,11,1年4ヶ月,30.8,空欄,空欄
scanned_document_109_p01_r11_c6.png,scanned_document_109_p01,11,1年8ヶ月,31.2,空欄,空欄
scanned_document_109_p01_r11_c7.png,scanned_document_109_p01,11,2年,0.0,空欄,空欄
scanned_document_109_p01_r12_c1.png,scanned_document_109_p01,12,2ヶ月,106.4,—,—
scanned_document_109_p01_r12_c2.png,scanned_document_109_p01,12,4ヶ月,0.0,空欄,空欄
scanned_document_109_p01_r12_c3.png,scanned_document_109_p01,12,8ヶ月,0.0,空欄,空欄
scanned_document_109_p01_r12_c4.png,scanned_document_109_p01,12,1年,0.0,空欄,空欄
scanned_document_109_p01_r12_c5.png,scanned_document_109_p01,12,1年4ヶ月,0.0,空欄,空欄
scanned_document_109_p01_r12_c6.png,scanned_document_109_p01,12,1年8ヶ月,28.0,空欄,空欄
scanned_document_109_p01_r12_c7.png,scanned_document_109_p01,12,2年,32.0,空欄,空欄
scanned_document_109_p01_r13_c1.png,scanned_document_109_p01,13,2ヶ月,134.0,—,—
scanned_document_109_p01_r13_c2.png,scanned_document_109_p01,13,4ヶ月,110.3,×,○
scanned_document_109_p01_r13_c3.png,scanned_document_109_p01,13,8ヶ月,110.7,×,○
scanned_document_109_p01_r13_c4.png,scanned_document_109_p01,13,1年,105.6,×,○
scanned_document_109_p01_r13_c5.png,scanned_document_109_p01,13,1年4ヶ月,171.3,◎,在庫なし
scanned_document_109_p01_r13_c6.png,scanned_document_109_p01,13,1年8ヶ月,0.0,空欄,空欄
scanned_document_109_p01_r13_c7.png,scanned_document_109_p01,13,2年,0.0,空欄,空欄
scanned_document_109_p01_r14_c1.png,scanned_document_109_p01,14,2ヶ月,105.8,—,—
scanned_document_109_p01_r14_c2.png,scanned_document_109_p01,14,4ヶ月,111.6,×,○
scanned_document_109_p01_r14_c3.png,scanned_document_109_p01,14,8ヶ月,111.6,◎,○
scanned_document_109_p01_r14_c4.png,scanned_document_109_p01,14,1年,111.2,×,○
scanned_document_109_p01_r14_c5.png,scanned_document_109_p01,14,1年4ヶ月,32.0,空欄,空欄
scanned_document_109_p01_r14_c6.png,scanned_document_109_p01,14,1年8ヶ月,31.2,空欄,空欄
scanned_document_109_p01_r14_c7.png,scanned_document_109_p01,14,2年,31.5,空欄,空欄
scanned_document_109_p01_r15_c1.png,scanned_document_109_p01,15,2ヶ月,104.0,—,—
scanned_document_109_p01_r15_c2.png,scanned_document_109_p01,15,4ヶ月,108.5,×,×
scanned_document_109_p01_r15_c3.png,scanned_document_109_p01,15,8ヶ月,30.2,空欄,空欄
scanned_document_109_p01_r15_c4.png,scanned_document_109_p01,15,1年,0.0,空欄,空欄
scanned_document_109_p01_r15_c5.png,scanned_document_109_p01,15,1年4ヶ月,0.0,空欄,空欄
scanned_document_109_p01_r15_c6.png,scanned_document_109_p01,15,1年8ヶ月,0.0,空欄,空欄
scanned_document_109_p01_r15_c7.png,scanned_document_109_p01,15,2年,0.0,空欄,空欄
scanned_document_109_p01_r16_c1.png,scanned_document_109_p01,16,2ヶ月,109.3,—,—
scanned_document_109_p01_r16_c2.png,scanned_document_109_p01,16,4ヶ月,115.6,×,○
scanned_document_109_p01_r16_c3.png,scanned_document_109_p01,16,8ヶ月,106.7,×,×
scanned_document_109_p01_r16_c4.png,scanned_document_109_p01,16,1年,36.0,空欄,空欄
scanned_document_109_p01_r16_c5.png,scanned_document_109_p01,16,1年4ヶ月,29.8,空欄,空欄
scanned_document_109_p01_r16_c6.png,scanned_document_109_p01,16,1年8ヶ月,31.4,空欄,空欄
scanned_document_109_p01_r16_c7.png,scanned_document_109_p01,16,2年,0.0,空欄,空欄
scanned_document_109_p01_r17_c1.png,scanned_document_109_p01,17,2ヶ月,103.2,—,—
scanned_document_109_p01_r17_c2.png,scanned_document_109_p01,17,4ヶ月,113.6,×,○
scanned_document_109_p01_r17_c3.png,scanned_document_109_p01,17,8ヶ月,0.0,空欄,空欄
scanned_document_109_p01_r17_c4.png,scanned_document_109_p01,17,1年,0.0,空欄,空欄
scanned_document_109_p01_r17_c5.png,scanned_document_109_p01,17,1年4ヶ月,0.0,空欄,空欄
scanned_document_109_p01_r17_c6.png,scanned_document_109_p01,17,1年8ヶ月,30.4,空欄,空欄
scanned_document_109_p01_r17_c7.png,scanned_document_109_p01,17,2年,29.5,空欄,空欄
scanned_document_109_p01_r18_c1.png,scanned_document_109_p01,18,2ヶ月,109.5,—,—
scanned_document_109_p01_r18_c2.png,scanned_document_109_p01,18,4ヶ月,33.7,空欄,空欄
scanned_document_109_p01_r18_c3.png,scanned_document_109_p01,18,8ヶ月,28.1,空欄,空欄
scanned_document_109_p01_r18_c4.png,scanned_document_109_p01,18,1年,29.3,空欄,空欄
scanned_document_109_p01_r18_c5.png,scanned_document_109_p01,18,1年4ヶ月,0.0,空欄,空欄
scanned_document_109_p01_r18_c6.png,scanned_document_109_p01,18,1年8ヶ月,0.0,空欄,空欄
scanned_document_109_p01_r18_c7.png,scanned_document_109_p01,18,2年,29.0,空欄,空欄
scanned_document_109_p01_r19_c1.png,scanned_document_109_p01,19,2ヶ月,122.6,—,—
scanned_document_109_p01_r19_c2.png,scanned_document_109_p01,19,4ヶ月,185.3,×,◎
scanned_document_109_p01_r19_c3.png,scanned_document_109_p01,19,8ヶ月,167.7,◎,在庫なし
scanned_document_109_p01_r19_c4.png,scanned_document_109_p01,19,1年,28.3,空欄,空欄
scanned_document_109_p01_r19_c5.png,scanned_document_109_p01,19,1年4ヶ月,30.2,空欄,空欄
scanned_document_109_p01_r19_c6.png,scanned_document_109_p01,19,1年8ヶ月,31.3,空欄,空欄
scanned_document_109_p01_r19_c7.png,scanned_document_109_p01,19,2年,28.3,空欄,空欄
scanned_document_109_p01_r20_c1.png,scanned_document_109_p01,20,2ヶ月,102.5,—,—
scanned_document_109_p01_r20_c2.png,scanned_document_109_p01,20,4ヶ月,29.6,空欄,空欄
scanned_document_109_p01_r20_c3.png,scanned_document_109_p01,20,8ヶ月,168.4,◎,在庫なし
scanned_document_109_p01_r20_c4.png,scanned_document_109_p01,20,1年,0.0,空欄,空欄
scanned_document_109_p01_r20_c5.png,scanned_document_109_p01,20,1年4ヶ月,0.0,空欄,空欄
scanned_document_109_p01_r20_c6.png,scanned_document_109_p01,20,1年8ヶ月,30.1,空欄,空欄
scanned_document_109_p01_r20_c7.png,scanned_document_109_p01,20,2年,29.5,空欄,空欄
scanned_document_109_p01_r21_c1.png,scanned_document_109_p01,21,2ヶ月,118.7,×,—
scanned_document_109_p01_r21_c2.png,scanned_document_109_p01,21,4ヶ月,0.0,空欄,空欄
scanned_document_109_p01_r21_c3.png,scanned_document_109_p01,21,8ヶ月,0.0,空欄,空欄
scanned_document_109_p01_r21_c4.png,scanned_document_109_p01,21,1年,0.0,空欄,空欄
scanned_document_109_p01_r21_c5.png,scanned_document_109_p01,21,1年4ヶ月,28.0,空欄,空欄
scanned_document_109_p01_r21_c6.png,scanned_document_109_p01,21,1年8ヶ月,30.7,空欄,空欄
scanned_document_109_p01_r21_c7.png,scanned_document_109_p01,21,2年,30.0,空欄,空欄
scanned_document_109_p01_r22_c1.png,scanned_document_109_p01,22,2ヶ月,118.6,×,—
scanned_document_109_p01_r22_c2.png,scanned_document_109_p01,22,4ヶ月,111.5,×,○
scanned_document_109_p01_r22_c3.png,scanned_document_109_p01,22,8ヶ月,113.5,×,○
scanned_document_109_p01_r22_c4.png,scanned_document_109_p01,22,1年,184.0,×,◎
scanned_document_109_p01_r22_c5.png,scanned_document_109_p01,22,1年4ヶ月,0.0,空欄,空欄
scanned_document_109_p01_r22_c6.png,scanned_document_109_p01,22,1年8ヶ月,0.0,空欄,空欄
scanned_document_109_p01_r22_c7.png,scanned_document_109_p01,22,2年,0.0,空欄,空欄
scanned_document_109_p01_r23_c1.png,scanned_document_109_p01,23,2ヶ月,96.2,—,—
scanned_document_109_p01_r23_c2.png,scanned_document_109_p01,23,4ヶ月,103.4,×,○
scanned_document_109_p01_r23_c3.png,scanned_document_109_p01,23,8ヶ月,30.7,空欄,空欄
scanned_document_109_p01_r23_c4.png,scanned_document_109_p01,23,1年,31.0,空欄,空欄
scanned_document_109_p01_r23_c5.png,scanned_document_109_p01,23,1年4ヶ月,30.7,空欄,空欄
scanned_document_109_p01_r23_c6.png,scanned_document_109_p01,23,1年8ヶ月,31.7,空欄,空欄
scanned_document_109_p01_r23_c7.png,scanned_document_109_p01,23,2年,30.8,空欄,空欄
scanned_document_109_p01_r24_c1.png,scanned_document_109_p01,24,2ヶ月,106.4,×,—
scanned_document_109_p01_r24_c2.png,scanned_document_109_p01,24,4ヶ月,31.2,空欄,空欄
scanned_document_109_p01_r24_c3.png,scanned_document_109_p01,24,8ヶ月,30.0,空欄,空欄
scanned_document_109_p01_r24_c4.png,scanned_document_109_p01,24,1年,32.3,空欄,空欄
scanned_document_109_p01_r24_c5.png,scanned_document_109_p01,24,1年4ヶ月,30.0,空欄,空欄
scanned_document_109_p01_r24_c6.png,scanned_document_109_p01,24,1年8ヶ月,0.0,空欄,空欄
scanned_document_109_p01_r24_c7.png,scanned_document_109_p01,24,2年,0.0,空欄,空欄
scanned_document_109_p01_r25_c1.png,scanned_document_109_p01,25,2ヶ月,102.6,×,×
scanned_document_109_p01_r25_c2.png,scanned_document_109_p01,25,4ヶ月,111.3,◎,在庫なし
scanned_document_109_p01_r25_c3.png,scanned_document_109_p01,25,8ヶ月,30.0,空欄,空欄
scanned_document_109_p01_r25_c4.png,scanned_document_109_p01,25,1年,29.5,空欄,空欄
scanned_document_109_p01_r25_c5.png,scanned_document_109_p01,25,1年4ヶ月,0.0,空欄,空欄
scanned_document_109_p01_r25_c6.png,scanned_document_109_p01,25,1年8ヶ月,29.8,空欄,空欄
scanned_document_109_p01_r25_c7.png,scanned_document_109_p01,25,2年,32.2,空欄,空欄
scanned_document_109_p01_r26_c1.png,scanned_document_109_p01,26,2ヶ月,103.8,○,×
scanned_document_109_p01_r26_c2.png,scanned_document_109_p01,26,4ヶ月,111.7,◎,在庫なし
scanned_document_109_p01_r26_c3.png,scanned_document_109_p01,26,8ヶ月,34.1,空欄,空欄
scanned_document_109_p01_r26_c4.png,scanned_document_109_p01,26,1年,31.5,空欄,空欄
scanned_document_109_p01_r26_c5.png,scanned_document_109_p01,26,1年4ヶ月,0.0,空欄,空欄
scanned_document_109_p01_r26_c6.png,scanned_document_109_p01,26,1年8ヶ月,0.0,空欄,空欄
scanned_document_109_p01_r26_c7.png,scanned_document_109_p01,26,2年,0.0,空欄,空欄
scanned_document_109_p01_r27_c1.png,scanned_document_109_p01,27,2ヶ月,107.5,×,×
scanned_document_109_p01_r27_c2.png,scanned_document_109_p01,27,4ヶ月,110.2,◎,在庫なし
scanned_document_109_p01_r27_c3.png,scanned_document_109_p01,27,8ヶ月,32.0,空欄,空欄
scanned_document_109_p01_r27_c4.png,scanned_document_109_p01,27,1年,29.0,空欄,空欄
scanned_document_109_p01_r27_c5.png,scanned_document_109_p01,27,1年4ヶ月,30.0,空欄,空欄
scanned_document_109_p01_r27_c6.png,scanned_document_109_p01,27,1年8ヶ月,30.3,空欄,空欄
scanned_document_109_p01_r27_c7.png,scanned_document_109_p01,27,2年,29.9,空欄,空欄
scanned_document_109_p01_r28_c1.png,scanned_document_109_p01,28,2ヶ月,113.6,×,○
scanned_document_109_p01_r28_c2.png,scanned_document_109_p01,28,4ヶ月,178.9,×,◎
scanned_document_109_p01_r28_c3.png,scanned_document_109_p01,28,8ヶ月,167.7,◎,在庫なし
scanned_document_109_p01_r28_c4.png,scanned_document_109_p01,28,1年,0.0,空欄,空欄
scanned_document_109_p01_r28_c5.png,scanned_document_109_p01,28,1年4ヶ月,0.0,空欄,空欄
scanned_document_109_p01_r28_c6.png,scanned_document_109_p01,28,1年8ヶ月,0.0,空欄,空欄
scanned_document_109_p01_r28_c7.png,scanned_document_109_p01,28,2年,0.0,空欄,空欄
scanned_document_109_p01_r29_c1.png,scanned_document_109_p01,29,2ヶ月,112.6,×,○
scanned_document_109_p01_r29_c2.png,scanned_document_109_p01,29,4ヶ月,177.7,×,◎
scanned_document_109_p01_r29_c3.png,scanned_document_109_p01,29,8ヶ月,30.7,空欄,空欄
scanned_document_109_p01_r29_c4.png,scanned_document_109_p01,29,1年,37.0,空欄,空欄
scanned_document_109_p01_r29_c5.png,scanned_document_109_p01,29,1年4ヶ月,31.6,空欄,空欄
scanned_document_109_p01_r29_c6.png,scanned_document_109_p01,29,1年8ヶ月,30.8,空欄,空欄
scanned_document_109_p01_r29_c7.png,scanned_document_109_p01,29,2年,30.9,空欄,空欄
scanned_document_109_p01_r30_c1.png,scanned_document_109_p01,30,2ヶ月,181.4,×,◎
scanned_document_109_p01_r30_c2.png,scanned_document_109_p01,30,4ヶ月,28.0,空欄,空欄
scanned_document_109_p01_r30_c3.png,scanned_document_109_p01,30,8ヶ月,0.0,空欄,空欄
scanned_document_109_p01_r30_c4.png,scanned_document_109_p01,30,1年,0.0,空欄,空欄
scanned_document_109_p01_r30_c5.png,scanned_document_109_p01,30,1年4ヶ月,0.0,空欄,空欄
scanned_document_109_p01_r30_c6.png,scanned_document_109_p01,30,1年8ヶ月,0.0,空欄,空欄
scanned_document_109_p01_r30_c7.png,scanned_document_109_p01,30,2年,0.0,空欄,空欄
scanned_document_109_p01_r31_c1.png,scanned_document_109_p01,31,2ヶ月,183.4,×,◎
scanned_document_109_p01_r31_c2.png,scanned_document_109_p01,31,4ヶ月,30.2,空欄,空欄
scanned_document_109_p01_r31_c3.png,scanned_document_109_p01,31,8ヶ月,32.6,空欄,空欄
scanned_document_109_p01_r31_c4.png,scanned_document_109_p01,31,1年,30.0,空欄,空欄
scanned_document_109_p01_r31_c5.png,scanned_document_109_p01,31,1年4ヶ月,30.4,空欄,空欄
scanned_document_109_p01_r31_c6.png,scanned_document_109_p01,31,1年8ヶ月,30.0,空欄,空欄
scanned_document_109_p01_r31_c7.png,scanned_document_109_p01,31,2年,28.0,空欄,空欄
scanned_document_109_p01_r32_c1.png,scanned_document_109_p01,32,2ヶ月,0.0,空欄,空欄
scanned_document_109_p01_r32_c2.png,scanned_document_109_p01,32,4ヶ月,0.0,空欄,空欄
scanned_document_109_p01_r32_c3.png,scanned_document_109_p01,32,8ヶ月,0.0,空欄,空欄
scanned_document_109_p01_r32_c4.png,scanned_document_109_p01,32,1年,0.0,空欄,空欄
scanned_document_109_p01_r32_c5.png,scanned_document_109_p01,32,1年4ヶ月,0.0,空欄,空欄
scanned_document_109_p01_r32_c6.png,scanned_document_109_p01,32,1年8ヶ月,0.0,空欄,空欄
scanned_document_109_p01_r32_c7.png,scanned_document_109_p01,32,2年,0.0,空欄,空欄
scanned_document_109_p01_r33_c1.png,scanned_document_109_p01,33,2ヶ月,118.1,—,—
scanned_document_109_p01_r33_c2.png,scanned_document_109_p01,33,4ヶ月,109.8,×,○
scanned_document_109_p01_r33_c3.png,scanned_document_109_p01,33,8ヶ月,114.4,×,×
scanned_document_109_p01_r33_c4.png,scanned_document_109_p01,33,1年,108.4,◎,在庫なし
scanned_document_109_p01_r33_c5.png,scanned_document_109_p01,33,1年4ヶ月,0.0,空欄,空欄
scanned_document_109_p01_r33_c6.png,scanned_document_109_p01,33,1年8ヶ月,37.5,空欄,空欄
scanned_document_109_p01_r33_c7.png,scanned_document_109_p01,33,2年,32.0,空欄,空欄
scanned_document_109_p01_r34_c1.png,scanned_document_109_p01,34,2ヶ月,108.5,—,—
scanned_document_109_p01_r34_c2.png,scanned_document_109_p01,34,4ヶ月,119.5,×,○
scanned_document_109_p01_r34_c3.png,scanned_document_109_p01,34,8ヶ月,169.3,◎,在庫なし
scanned_document_109_p01_r34_c4.png,scanned_document_109_p01,34,1年,0.0,空欄,空欄
scanned_document_109_p01_r34_c5.png,scanned_document_109_p01,34,1年4ヶ月,31.0,空欄,空欄
scanned_document_109_p01_r34_c6.png,scanned_document_109_p01,34,1年8ヶ月,31.0,空欄,空欄
scanned_document_109_p01_r34_c7.png,scanned_document_109_p01,34,2年,0.0,空欄,空欄
scanned_document_109_p01_r35_c1.png,scanned_document_109_p01,35,2ヶ月,111.8,—,—
scanned_document_109_p01_r35_c2.png,scanned_document_109_p01,35,4ヶ月,114.3,×,○
scanned_document_109_p01_r35_c3.png,scanned_document_109_p01,35,8ヶ月,31.4,空欄,空欄
scanned_document_109_p01_r35_c4.png,scanned_document_109_p01,35,1年,0.0,空欄,空欄
scanned_document_109_p01_r35_c5.png,scanned_document_109_p01,35,1年4ヶ月,32.0,空欄,空欄
scanned_document_109_p01_r35_c6.png,scanned_document_109_p01,35,1年8ヶ月,0.0,空欄,空欄
scanned_document_109_p01_r35_c7.png,scanned_document_109_p01,35,2年,29.1,空欄,空欄
scanned_document_109_p01_r36_c1.png,scanned_document_109_p01,36,2ヶ月,106.6,—,—
scanned_document_109_p01_r36_c2.png,scanned_document_109_p01,36,4ヶ月,183.1,×,◎
scanned_document_109_p01_r36_c3.png,scanned_document_109_p01,36,8ヶ月,28.4,空欄,空欄
scanned_document_109_p01_r36_c4.png,scanned_document_109_p01,36,1年,29.0,空欄,空欄
scanned_document_109_p01_r36_c5.png,scanned_document_109_p01,36,1年4ヶ月,29.5,空欄,空欄
scanned_document_109_p01_r36_c6.png,scanned_document_109_p01,36,1年8ヶ月,28.0,空欄,空欄
scanned_document_109_p01_r36_c7.png,scanned_document_109_p01,36,2年,0.0,空欄,空欄
scanned_document_109_p01_r37_c1.png,scanned_document_109_p01,37,2ヶ月,111.7,×,—
scanned_document_109_p01_r37_c2.png,scanned_document_109_p01,37,4ヶ月,182.3,×,◎
scanned_document_109_p01_r37_c3.png,scanned_document_109_p01,37,8ヶ月,30.2,空欄,空欄
scanned_document_109_p01_r37_c4.png,scanned_document_109_p01,37,1年,34.0,空欄,空欄
scanned_document_109_p01_r37_c5.png,scanned_document_109_p01,37,1年4ヶ月,28.7,空欄,空欄
scanned_document_109_p01_r37_c6.png,scanned_document_109_p01,37,1年8ヶ月,30.9,空欄,空欄
scanned_document_109_p01_r37_c7.png,scanned_document_109_p01,37,2年,0.0,空欄,空欄
scanned_document_109_p01_r38_c1.png,scanned_document_109_p01,38,2ヶ月,120.7,—,—
scanned_document_109_p01_r38_c2.png,scanned_document_109_p01,38,4ヶ月,31.4,空欄,空欄
scanned_document_109_p01_r38_c3.png,scanned_document_109_p01,38,8ヶ月,28.8,空欄,空欄
scanned_document_109_p01_r38_c4.png,scanned_document_109_p01,38,1年,29.0,空欄,空欄
scanned_document_109_p01_r38_c5.png,scanned_document_109_p01,38,1年4ヶ月,30.0,空欄,空欄
scanned_document_109_p01_r38_c6.png,scanned_document_109_p01,38,1年8ヶ月,35.6,空欄,空欄
scanned_document_109_p01_r38_c7.png,scanned_document_109_p01,38,2年,30.7,空欄,空欄
scanned_document_109_p01_r39_c1.png,scanned_document_109_p01,39,2ヶ月,107.2,×,—
scanned_document_109_p01_r39_c2.png,scanned_document_109_p01,39,4ヶ月,29.6,空欄,空欄
scanned_document_109_p01_r39_c3.png,scanned_document_109_p01,39,8ヶ月,31.9,空欄,空欄
scanned_document_109_p01_r39_c4.png,scanned_document_109_p01,39,1年,31.6,空欄,空欄
scanned_document_109_p01_r39_c5.png,scanned_document_109_p01,39,1年4ヶ月,0.0,空欄,空欄
scanned_document_109_p01_r39_c6.png,scanned_document_109_p01,39,1年8ヶ月,0.0,空欄,空欄
scanned_document_109_p01_r39_c7.png,scanned_document_109_p01,39,2年,0.0,空欄,空欄
scanned_document_109_p01_r40_c1.png,scanned_document_109_p01,40,2ヶ月,110.1,—,—
scanned_document_109_p01_r40_c2.png,scanned_document_109_p01,40,4ヶ月,31.5,空欄,空欄
scanned_document_109_p01_r40_c3.png,scanned_document_109_p01,40,8ヶ月,0.0,空欄,空欄
scanned_document_109_p01_r40_c4.png,scanned_document_109_p01,40,1年,28.0,空欄,空欄
scanned_document_109_p01_r40_c5.png,scanned_document_109_p01,40,1年4ヶ月,28.0,空欄,空欄
scanned_document_109_p01_r40_c6.png,scanned_document_109_p01,40,1年8ヶ月,32.0,空欄,空欄
scanned_document_109_p01_r40_c7.png,scanned_document_109_p01,40,2年,30.7,空欄,空欄
scanned_document_109_p01_r41_c1.png,scanned_document_109_p01,41,2ヶ月,110.3,×,—
scanned_document_109_p01_r41_c2.png,scanned_document_109_p01,41,4ヶ月,182.5,×,◎
scanned_document_109_p01_r41_c3.png,scanned_document_109_p01,41,8ヶ月,167.3,◎,在庫なし
scanned_document_109_p01_r41_c4.png,scanned_document_109_p01,41,1年,0.0,空欄,空欄
scanned_document_109_p01_r41_c5.png,scanned_document_109_p01,41,1年4ヶ月,0.0,空欄,空欄
scanned_document_109_p01_r41_c6.png,scanned_document_109_p01,41,1年8ヶ月,0.0,空欄,空欄
scanned_document_109_p01_r41_c7.png,scanned_document_109_p01,41,2年,0.0,空欄,空欄
scanned_document_109_p01_r42_c1.png,scanned_document_109_p01,42,2ヶ月,109.8,×,—
scanned_document_109_p01_r42_c2.png,scanned_document_109_p01,42,4ヶ月,33.7,空欄,空欄
scanned_document_109_p01_r42_c3.png,scanned_document_109_p01,42,8ヶ月,31.8,空欄,空欄
scanned_document_109_p01_r42_c4.png,scanned_document_109_p01,42,1年,30.0,空欄,空欄
scanned_document_109_p01_r42_c5.png,scanned_document_109_p01,42,1年4ヶ月,33.6,空欄,空欄
scanned_document_109_p01_r42_c6.png,scanned_document_109_p01,42,1年8ヶ月,32.6,空欄,空欄
scanned_document_109_p01_r42_c7.png,scanned_document_109_p01,42,2年,30.2,空欄,空欄
scanned_document_109_p02_r01_c1.png,scanned_document_109_p02,1,2ヶ月,163.5,◎,
scanned_document_109_p02_r01_c2.png,scanned_document_109_p02,1,4ヶ月,170.3,◎,
scanned_document_109_p02_r01_c3.png,scanned_document_109_p02,1,8ヶ月,169.8,◎,
scanned_document_109_p02_r01_c4.png,scanned_document_109_p02,1,1年,170.1,◎,
scanned_document_109_p02_r01_c5.png,scanned_document_109_p02,1,1年4ヶ月,171.4,◎,
scanned_document_109_p02_r01_c6.png,scanned_document_109_p02,1,1年8ヶ月,170.4,◎,
scanned_document_109_p02_r01_c7.png,scanned_document_109_p02,1,2年,171.8,◎,
scanned_document_109_p02_r02_c1.png,scanned_document_109_p02,2,2ヶ月,121.3,◎,
scanned_document_109_p02_r02_c2.png,scanned_document_109_p02,2,4ヶ月,124.3,◎,
scanned_document_109_p02_r02_c3.png,scanned_document_109_p02,2,8ヶ月,29.8,空欄,
scanned_document_109_p02_r02_c4.png,scanned_document_109_p02,2,1年,30.5,空欄,
scanned_document_109_p02_r02_c5.png,scanned_document_109_p02,2,1年4ヶ月,31.6,空欄,
scanned_document_109_p02_r02_c6.png,scanned_document_109_p02,2,1年8ヶ月,33.2,空欄,
scanned_document_109_p02_r02_c7.png,scanned_document_109_p02,2,2年,32.7,空欄,
scanned_document_109_p02_r03_c1.png,scanned_document_109_p02,3,2ヶ月,114.8,×,×
scanned_document_109_p02_r03_c2.png,scanned_document_109_p02,3,4ヶ月,127.3,◎,在庫なし
scanned_document_109_p02_r03_c3.png,scanned_document_109_p02,3,8ヶ月,30.7,空欄,空欄
scanned_document_109_p02_r03_c4.png,scanned_document_109_p02,3,1年,30.8,空欄,空欄
scanned_document_109_p02_r03_c5.png,scanned_document_109_p02,3,1年4ヶ月,0.0,空欄,空欄
scanned_document_109_p02_r03_c6.png,scanned_document_109_p02,3,1年8ヶ月,0.0,空欄,空欄
scanned_document_109_p02_r03_c7.png,scanned_document_109_p02,3,2年,0.0,空欄,空欄
scanned_document_109_p02_r04_c1.png,scanned_document_109_p02,4,2ヶ月,35.3,空欄,空欄
scanned_document_109_p02_r04_c2.png,scanned_document_109_p02,4,4ヶ月,32.1,空欄,空欄
scanned_document_109_p02_r04_c3.png,scanned_document_109_p02,4,8ヶ月,31.1,空欄,空欄
scanned_document_109_p02_r04_c4.png,scanned_document_109_p02,4,1年,37.4,空欄,空欄
scanned_document_109_p02_r04_c5.png,scanned_document_109_p02,4,1年4ヶ月,34.9,空欄,空欄
scanned_document_109_p02_r04_c6.png,scanned_document_109_p02,4,1年8ヶ月,34.6,空欄,空欄
scanned_document_109_p02_r04_c7.png,scanned_document_109_p02,4,2年,34.3,空欄,空欄
scanned_document_109_p02_r05_c1.png,scanned_document_109_p02,5,2ヶ月,31.1,空欄,空欄
scanned_document_109_p02_r05_c2.png,scanned_document_109_p02,5,4ヶ月,30.0,空欄,空欄
scanned_document_109_p02_r05_c3.png,scanned_document_109_p02,5,8ヶ月,0.0,空欄,空欄
scanned_document_109_p02_r05_c4.png,scanned_document_109_p02,5,1年,0.0,空欄,空欄
scanned_document_109_p02_r05_c5.png,scanned_document_109_p02,5,1年4ヶ月,0.0,空欄,空欄
scanned_document_109_p02_r05_c6.png,scanned_document_109_p02,5,1年8ヶ月,0.0,空欄,空欄
scanned_document_109_p02_r05_c7.png,scanned_document_109_p02,5,2年,0.0,空欄,空欄
scanned_document_109_p02_r06_c1.png,scanned_document_109_p02,6,2ヶ月,29.4,空欄,空欄
scanned_document_109_p02_r06_c2.png,scanned_document_109_p02,6,4ヶ月,32.6,空欄,空欄
scanned_document_109_p02_r06_c3.png,scanned_document_109_p02,6,8ヶ月,30.5,空欄,空欄
scanned_document_109_p02_r06_c4.png,scanned_document_109_p02,6,1年,31.7,空欄,空欄
scanned_document_109_p02_r06_c5.png,scanned_document_109_p02,6,1年4ヶ月,38.8,空欄,空欄
scanned_document_109_p02_r06_c6.png,scanned_document_109_p02,6,1年8ヶ月,34.2,空欄,空欄
scanned_document_109_p02_r06_c7.png,scanned_document_109_p02,6,2年,33.3,空欄,空欄
scanned_document_109_p02_r07_c1.png,scanned_document_109_p02,7,2ヶ月,141.8,—,—
scanned_document_109_p02_r07_c2.png,scanned_document_109_p02,7,4ヶ月,186.5,×,○
scanned_document_109_p02_r07_c3.png,scanned_document_109_p02,7,8ヶ月,172.4,◎,在庫なし
scanned_document_109_p02_r07_c4.png,scanned_document_109_p02,7,1年,0.0,空欄,空欄
scanned_document_109_p02_r07_c5.png,scanned_document_109_p02,7,1年4ヶ月,0.0,空欄,空欄
scanned_document_109_p02_r07_c6.png,scanned_document_109_p02,7,1年8ヶ月,0.0,空欄,空欄
scanned_document_109_p02_r07_c7.png,scanned_document_109_p02,7,2年,28.0,空欄,空欄
scanned_document_109_p02_r08_c1.png,scanned_document_109_p02,8,2ヶ月,101.2,—,—
scanned_document_109_p02_r08_c2.png,scanned_document_109_p02,8,4ヶ月,32.5,空欄,空欄
scanned_document_109_p02_r08_c3.png,scanned_document_109_p02,8,8ヶ月,32.9,空欄,空欄
scanned_document_109_p02_r08_c4.png,scanned_document_109_p02,8,1年,37.3,空欄,空欄
scanned_document_109_p02_r08_c5.png,scanned_document_109_p02,8,1年4ヶ月,35.2,空欄,空欄
scanned_document_109_p02_r08_c6.png,scanned_document_109_p02,8,1年8ヶ月,32.8,空欄,空欄
scanned_document_109_p02_r08_c7.png,scanned_document_109_p02,8,2年,36.2,空欄,空欄
scanned_document_109_p02_r09_c1.png,scanned_document_109_p02,9,2ヶ月,125.1,—,—
scanned_document_109_p02_r09_c2.png,scanned_document_109_p02,9,4ヶ月,0.0,空欄,空欄
scanned_document_109_p02_r09_c3.png,scanned_document_109_p02,9,8ヶ月,0.0,空欄,空欄
scanned_document_109_p02_r09_c4.png,scanned_document_109_p02,9,1年,0.0,空欄,空欄
scanned_document_109_p02_r09_c5.png,scanned_document_109_p02,9,1年4ヶ月,30.2,空欄,空欄
scanned_document_109_p02_r09_c6.png,scanned_document_109_p02,9,1年8ヶ月,31.1,空欄,空欄
scanned_document_109_p02_r09_c7.png,scanned_document_109_p02,9,2年,31.0,空欄,空欄
scanned_document_109_p02_r10_c1.png,scanned_document_109_p02,10,2ヶ月,114.2,×,—
scanned_document_109_p02_r10_c2.png,scanned_document_109_p02,10,4ヶ月,31.1,空欄,空欄
scanned_document_109_p02_r10_c3.png,scanned_document_109_p02,10,8ヶ月,31.4,空欄,空欄
scanned_document_109_p02_r10_c4.png,scanned_document_109_p02,10,1年,34.1,空欄,空欄
scanned_document_109_p02_r10_c5.png,scanned_document_109_p02,10,1年4ヶ月,32.8,空欄,空欄
scanned_document_109_p02_r10_c6.png,scanned_document_109_p02,10,1年8ヶ月,31.3,空欄,空欄
scanned_document_109_p02_r10_c7.png,scanned_document_109_p02,10,2年,32.5,空欄,空欄
scanned_document_109_p02_r11_c1.png,scanned_document_109_p02,11,2ヶ月,123.2,—,—
scanned_document_109_p02_r11_c2.png,scanned_document_109_p02,11,4ヶ月,0.0,空欄,空欄
scanned_document_109_p02_r11_c3.png,scanned_document_109_p02,11,8ヶ月,0.0,空欄,空欄
scanned_document_109_p02_r11_c4.png,scanned_document_109_p02,11,1年,32.5,空欄,空欄
scanned_document_109_p02_r11_c5.png,scanned_document_109_p02,11,1年4ヶ月,30.4,空欄,空欄
scanned_document_109_p02_r11_c6.png,scanned_document_109_p02,11,1年8ヶ月,31.1,空欄,空欄
scanned_document_109_p02_r11_c7.png,scanned_document_109_p02,11,2年,31.0,空欄,空欄
scanned_document_109_p02_r12_c1.png,scanned_document_109_p02,12,2ヶ月,35.3,空欄,空欄
scanned_document_109_p02_r12_c2.png,scanned_document_109_p02,12,4ヶ月,39.7,空欄,空欄
scanned_document_109_p02_r12_c3.png,scanned_document_109_p02,12,8ヶ月,30.0,空欄,空欄
scanned_document_109_p02_r12_c4.png,scanned_document_109_p02,12,1年,33.1,空欄,空欄
scanned_document_109_p02_r12_c5.png,scanned_document_109_p02,12,1年4ヶ月,30.4,空欄,空欄
scanned_document_109_p02_r12_c6.png,scanned_document_109_p02,12,1年8ヶ月,30.1,空欄,空欄
scanned_document_109_p02_r12_c7.png,scanned_document_109_p02,12,2年,28.0,空欄,空欄
scanned_document_109_p02_r13_c1.png,scanned_document_109_p02,13,2ヶ月,96.7,—,—
scanned_document_109_p02_r13_c2.png,scanned_document_109_p02,13,4ヶ月,129.8,×,○
scanned_document_109_p02_r13_c3.png,scanned_document_109_p02,13,8ヶ月,127.5,×,○
scanned_document_109_p02_r13_c4.png,scanned_document_109_p02,13,1年,122.1,◎,○
scanned_document_109_p02_r13_c5.png,scanned_document_109_p02,13,1年4ヶ月,31.1,空欄,空欄
scanned_document_109_p02_r13_c6.png,scanned_document_109_p02,13,1年8ヶ月,29.5,空欄,空欄
scanned_document_109_p02_r13_c7.png,scanned_document_109_p02,13,2年,29.8,空欄,空欄
scanned_document_109_p02_r14_c1.png,scanned_document_109_p02,14,2ヶ月,109.3,×,—
scanned_document_109_p02_r14_c2.png,scanned_document_109_p02,14,4ヶ月,129.0,×,○
scanned_document_109_p02_r14_c3.png,scanned_document_109_p02,14,8ヶ月,129.2,◎,○
scanned_document_109_p02_r14_c4.png,scanned_document_109_p02,14,1年,185.7,×,○
scanned_document_109_p02_r14_c5.png,scanned_document_109_p02,14,1年4ヶ月,30.7,空欄,空欄
scanned_document_109_p02_r14_c6.png,scanned_document_109_p02,14,1年8ヶ月,31.1,空欄,空欄
scanned_document_109_p02_r14_c7.png,scanned_document_109_p02,14,2年,31.2,空欄,空欄
scanned_document_109_p02_r15_c1.png,scanned_document_109_p02,15,2ヶ月,90.1,—,—
scanned_document_109_p02_r15_c2.png,scanned_document_109_p02,15,4ヶ月,125.8,×,×
scanned_document_109_p02_r15_c3.png,scanned_document_109_p02,15,8ヶ月,31.8,空欄,空欄
scanned_document_109_p02_r15_c4.png,scanned_document_109_p02,15,1年,33.1,空欄,空欄
scanned_document_109_p02_r15_c5.png,scanned_document_109_p02,15,1年4ヶ月,33.0,空欄,空欄
scanned_document_109_p02_r15_c6.png,scanned_document_109_p02,15,1年8ヶ月,31.1,空欄,空欄
scanned_document_109_p02_r15_c7.png,scanned_document_109_p02,15,2年,31.0,空欄,空欄
scanned_document_109_p02_r16_c1.png,scanned_document_109_p02,16,2ヶ月,92.8,×,—
scanned_document_109_p02_r16_c2.png,scanned_document_109_p02,16,4ヶ月,130.6,×,○
scanned_document_109_p02_r16_c3.png,scanned_document_109_p02,16,8ヶ月,169.9,◎,×
scanned_document_109_p02_r16_c4.png,scanned_document_109_p02,16,1年,31.7,空欄,空欄
scanned_document_109_p02_r16_c5.png,scanned_document_109_p02,16,1年4ヶ月,31.3,空欄,空欄
scanned_document_109_p02_r16_c6.png,scanned_document_109_p02,16,1年8ヶ月,31.4,空欄,空欄
scanned_document_109_p02_r16_c7.png,scanned_document_109_p02,16,2年,0.0,空欄,空欄
scanned_document_109_p02_r17_c1.png,scanned_document_109_p02,17,2ヶ月,113.6,—,—
scanned_document_109_p02_r17_c2.png,scanned_document_109_p02,17,4ヶ月,129.3,×,○
scanned_document_109_p02_r17_c3.png,scanned_document_109_p02,17,8ヶ月,33.0,空欄,空欄
scanned_document_109_p02_r17_c4.png,scanned_document_109_p02,17,1年,29.2,空欄,空欄
scanned_document_109_p02_r17_c5.png,scanned_document_109_p02,17,1年4ヶ月,30.3,空欄,空欄
scanned_document_109_p02_r17_c6.png,scanned_document_109_p02,17,1年8ヶ月,33.8,空欄,空欄
scanned_document_109_p02_r17_c7.png,scanned_document_109_p02,17,2年,32.1,空欄,空欄
scanned_document_109_p02_r18_c1.png,scanned_document_109_p02,18,2ヶ月,120.9,×,—
scanned_document_109_p02_r18_c2.png,scanned_document_109_p02,18,4ヶ月,31.3,空欄,空欄
scanned_document_109_p02_r18_c3.png,scanned_document_109_p02,18,8ヶ月,30.8,空欄,空欄
scanned_document_109_p02_r18_c4.png,scanned_document_109_p02,18,1年,29.0,空欄,空欄
scanned_document_109_p02_r18_c5.png,scanned_document_109_p02,18,1年4ヶ月,0.0,空欄,空欄
scanned_document_109_p02_r18_c6.png,scanned_document_109_p02,18,1年8ヶ月,0.0,空欄,空欄
scanned_document_109_p02_r18_c7.png,scanned_document_109_p02,18,2年,0.0,空欄,空欄
scanned_document_109_p02_r19_c1.png,scanned_document_109_p02,19,2ヶ月,79.3,—,—
scanned_document_109_p02_r19_c2.png,scanned_document_109_p02,19,4ヶ月,180.0,×,○
scanned_document_109_p02_r19_c3.png,scanned_document_109_p02,19,8ヶ月,170.9,◎,在庫なし
scanned_document_109_p02_r19_c4.png,scanned_document_109_p02,19,1年,30.4,空欄,空欄
scanned_document_109_p02_r19_c5.png,scanned_document_109_p02,19,1年4ヶ月,31.5,空欄,空欄
scanned_document_109_p02_r19_c6.png,scanned_document_109_p02,19,1年8ヶ月,34.8,空欄,空欄
scanned_document_109_p02_r19_c7.png,scanned_document_109_p02,19,2年,33.0,空欄,空欄
scanned_document_109_p02_r20_c1.png,scanned_document_109_p02,20,2ヶ月,92.3,—,—
scanned_document_109_p02_r20_c2.png,scanned_document_109_p02,20,4ヶ月,32.5,空欄,空欄
scanned_document_109_p02_r20_c3.png,scanned_document_109_p02,20,8ヶ月,31.2,空欄,空欄
scanned_document_109_p02_r20_c4.png,scanned_document_109_p02,20,1年,0.0,空欄,空欄
scanned_document_109_p02_r20_c5.png,scanned_document_109_p02,20,1年4ヶ月,0.0,空欄,空欄
scanned_document_109_p02_r20_c6.png,scanned_document_109_p02,20,1年8ヶ月,0.0,空欄,空欄
scanned_document_109_p02_r20_c7.png,scanned_document_109_p02,20,2年,0.0,空欄,空欄
scanned_document_109_p02_r21_c1.png,scanned_document_109_p02,21,2ヶ月,114.8,—,—
scanned_document_109_p02_r21_c2.png,scanned_document_109_p02,21,4ヶ月,32.6,空欄,空欄
scanned_document_109_p02_r21_c3.png,scanned_document_109_p02,21,8ヶ月,31.5,空欄,空欄
scanned_document_109_p02_r21_c4.png,scanned_document_109_p02,21,1年,34.4,空欄,空欄
scanned_document_109_p02_r21_c5.png,scanned_document_109_p02,21,1年4ヶ月,32.0,空欄,空欄
scanned_document_109_p02_r21_c6.png,scanned_document_109_p02,21,1年8ヶ月,31.5,空欄,空欄
scanned_document_109_p02_r21_c7.png,scanned_document_109_p02,21,2年,29.4,空欄,空欄
scanned_document_109_p02_r22_c1.png,scanned_document_109_p02,22,2ヶ月,127.3,×,—
scanned_document_109_p02_r22_c2.png,scanned_document_109_p02,22,4ヶ月,0.0,空欄,空欄
scanned_document_109_p02_r22_c3.png,scanned_document_109_p02,22,8ヶ月,0.0,空欄,空欄
scanned_document_109_p02_r22_c4.png,scanned_document_109_p02,22,1年,0.0,空欄,空欄
scanned_document_109_p02_r22_c5.png,scanned_document_109_p02,22,1年4ヶ月,0.0,空欄,空欄
scanned_document_109_p02_r22_c6.png,scanned_document_109_p02,22,1年8ヶ月,0.0,空欄,空欄
scanned_document_109_p02_r22_c7.png,scanned_document_109_p02,22,2年,0.0,空欄,空欄
scanned_document_109_p02_r23_c1.png,scanned_document_109_p02,23,2ヶ月,110.7,—,—
scanned_document_109_p02_r23_c2.png,scanned_document_109_p02,23,4ヶ月,124.5,×,○
scanned_document_109_p02_r23_c3.png,scanned_document_109_p02,23,8ヶ月,127.6,×,○
scanned_document_109_p02_r23_c4.png,scanned_document_109_p02,23,1年,29.5,空欄,空欄
scanned_document_109_p02_r23_c5.png,scanned_document_109_p02,23,1年4ヶ月,29.5,空欄,空欄
scanned_document_109_p02_r23_c6.png,scanned_document_109_p02,23,1年8ヶ月,0.0,空欄,空欄
scanned_document_109_p02_r23_c7.png,scanned_document_109_p02,23,2年,30.8,空欄,空欄
scanned_document_109_p02_r24_c1.png,scanned_document_109_p02,24,2ヶ月,136.7,—,—
scanned_document_109_p02_r24_c2.png,scanned_document_109_p02,24,4ヶ月,187.5,×,○
scanned_document_109_p02_r24_c3.png,scanned_document_109_p02,24,8ヶ月,0.0,空欄,空欄
scanned_document_109_p02_r24_c4.png,scanned_document_109_p02,24,1年,29.4,空欄,空欄
scanned_document_109_p02_r24_c5.png,scanned_document_109_p02,24,1年4ヶ月,32.8,空欄,空欄
scanned_document_109_p02_r24_c6.png,scanned_document_109_p02,24,1年8ヶ月,29.6,空欄,空欄
scanned_document_109_p02_r24_c7.png,scanned_document_109_p02,24,2年,30.2,空欄,空欄
scanned_document_109_p02_r25_c1.png,scanned_document_109_p02,25,2ヶ月,120.7,×,—
scanned_document_109_p02_r25_c2.png,scanned_document_109_p02,25,4ヶ月,29.8,空欄,空欄
scanned_document_109_p02_r25_c3.png,scanned_document_109_p02,25,8ヶ月,31.1,空欄,空欄
scanned_document_109_p02_r25_c4.png,scanned_document_109_p02,25,1年,30.3,空欄,空欄
scanned_document_109_p02_r25_c5.png,scanned_document_109_p02,25,1年4ヶ月,31.0,空欄,空欄
scanned_document_109_p02_r25_c6.png,scanned_document_109_p02,25,1年8ヶ月,28.0,空欄,空欄
scanned_document_109_p02_r25_c7.png,scanned_document_109_p02,25,2年,29.5,空欄,空欄
scanned_document_109_p02_r26_c1.png,scanned_document_109_p02,26,2ヶ月,96.4,○,×
scanned_document_109_p02_r26_c2.png,scanned_document_109_p02,26,4ヶ月,124.0,◎,在庫なし
scanned_document_109_p02_r26_c3.png,scanned_document_109_p02,26,8ヶ月,30.8,空欄,空欄
scanned_document_109_p02_r26_c4.png,scanned_document_109_p02,26,1年,29.3,空欄,空欄
scanned_document_109_p02_r26_c5.png,scanned_document_109_p02,26,1年4ヶ月,30.3,空欄,空欄
scanned_document_109_p02_r26_c6.png,scanned_document_109_p02,26,1年8ヶ月,29.5,空欄,空欄
scanned_document_109_p02_r26_c7.png,scanned_document_109_p02,26,2年,29.5,空欄,空欄
scanned_document_109_p02_r27_c1.png,scanned_document_109_p02,27,2ヶ月,119.8,◎,×
scanned_document_109_p02_r27_c2.png,scanned_document_109_p02,27,4ヶ月,128.9,◎,在庫なし
scanned_document_109_p02_r27_c3.png,scanned_document_109_p02,27,8ヶ月,0.0,空欄,空欄
scanned_document_109_p02_r27_c4.png,scanned_document_109_p02,27,1年,30.8,空欄,空欄
scanned_document_109_p02_r27_c5.png,scanned_document_109_p02,27,1年4ヶ月,32.0,空欄,空欄
scanned_document_109_p02_r27_c6.png,scanned_document_109_p02,27,1年8ヶ月,32.2,空欄,空欄
scanned_document_109_p02_r27_c7.png,scanned_document_109_p02,27,2年,31.3,空欄,空欄
scanned_document_109_p02_r28_c1.png,scanned_document_109_p02,28,2ヶ月,125.1,×,×
scanned_document_109_p02_r28_c2.png,scanned_document_109_p02,28,4ヶ月,131.6,◎,在庫なし
scanned_document_109_p02_r28_c3.png,scanned_document_109_p02,28,8ヶ月,32.4,空欄,空欄
scanned_document_109_p02_r28_c4.png,scanned_document_109_p02,28,1年,31.0,空欄,空欄
scanned_document_109_p02_r28_c5.png,scanned_document_109_p02,28,1年4ヶ月,0.0,空欄,空欄
scanned_document_109_p02_r28_c6.png,scanned_document_109_p02,28,1年8ヶ月,30.8,空欄,空欄
scanned_document_109_p02_r28_c7.png,scanned_document_109_p02,28,2年,30.4,空欄,空欄
scanned_document_109_p02_r29_c1.png,scanned_document_109_p02,29,2ヶ月,132.2,×,○
scanned_document_109_p02_r29_c2.png,scanned_document_109_p02,29,4ヶ月,32.0,空欄,空欄
scanned_document_109_p02_r29_c3.png,scanned_document_109_p02,29,8ヶ月,30.4,空欄,空欄
scanned_document_109_p02_r29_c4.png,scanned_document_109_p02,29,1年,32.8,空欄,空欄
scanned_document_109_p02_r29_c5.png,scanned_document_109_p02,29,1年4ヶ月,30.9,空欄,空欄
scanned_document_109_p02_r29_c6.png,scanned_document_109_p02,29,1年8ヶ月,28.3,空欄,空欄
scanned_document_109_p02_r29_c7.png,scanned_document_109_p02,29,2年,0.0,空欄,空欄
scanned_document_109_p02_r30_c1.png,scanned_document_109_p02,30,2ヶ月,118.6,◎,○
scanned_document_109_p02_r30_c2.png,scanned_document_109_p02,30,4ヶ月,32.8,空欄,空欄
scanned_document_109_p02_r30_c3.png,scanned_document_109_p02,30,8ヶ月,30.8,空欄,空欄
scanned_document_109_p02_r30_c4.png,scanned_document_109_p02,30,1年,31.9,空欄,空欄
scanned_document_109_p02_r30_c5.png,scanned_document_109_p02,30,1年4ヶ月,33.7,空欄,空欄
scanned_document_109_p02_r30_c6.png,scanned_document_109_p02,30,1年8ヶ月,30.3,空欄,空欄
scanned_document_109_p02_r30_c7.png,scanned_document_109_p02,30,2年,34.4,空欄,空欄
scanned_document_109_p02_r31_c1.png,scanned_document_109_p02,31,2ヶ月,33.2,空欄,空欄
scanned_document_109_p02_r31_c2.png,scanned_document_109_p02,31,4ヶ月,32.5,空欄,空欄
scanned_document_109_p02_r31_c3.png,scanned_document_109_p02,31,8ヶ月,31.4,空欄,空欄
scanned_document_109_p02_r31_c4.png,scanned_document_109_p02,31,1年,29.9,空欄,空欄
scanned_document_109_p02_r31_c5.png,scanned_document_109_p02,31,1年4ヶ月,0.0,空欄,空欄
scanned_document_109_p02_r31_c6.png,scanned_document_109_p02,31,1年8ヶ月,0.0,空欄,空欄
scanned_document_109_p02_r31_c7.png,scanned_document_109_p02,31,2年,0.0,空欄,空欄
scanned_document_109_p02_r32_c1.png,scanned_document_109_p02,32,2ヶ月,32.4,空欄,空欄
scanned_document_109_p02_r32_c2.png,scanned_document_109_p02,32,4ヶ月,35.4,空欄,空欄
scanned_document_109_p02_r32_c3.png,scanned_document_109_p02,32,8ヶ月,30.2,空欄,空欄
scanned_document_109_p02_r32_c4.png,scanned_document_109_p02,32,1年,31.2,空欄,空欄
scanned_document_109_p02_r32_c5.png,scanned_document_109_p02,32,1年4ヶ月,32.2,空欄,空欄
scanned_document_109_p02_r32_c6.png,scanned_document_109_p02,32,1年8ヶ月,34.2,空欄,空欄
scanned_document_109_p02_r32_c7.png,scanned_document_109_p02,32,2年,37.0,空欄,空欄
scanned_document_109_p02_r33_c1.png,scanned_document_109_p02,33,2ヶ月,33.8,空欄,空欄
scanned_document_109_p02_r33_c2.png,scanned_document_109_p02,33,4ヶ月,0.0,空欄,空欄
scanned_document_109_p02_r33_c3.png,scanned_document_109_p02,33,8ヶ月,0.0,空欄,空欄
scanned_document_109_p02_r33_c4.png,scanned_document_109_p02,33,1年,0.0,空欄,空欄
scanned_document_109_p02_r33_c5.png,scanned_document_109_p02,33,1年4ヶ月,0.0,空欄,空欄
scanned_document_109_p02_r33_c6.png,scanned_document_109_p02,33,1年8ヶ月,0.0,空欄,空欄
scanned_document_109_p02_r33_c7.png,scanned_document_109_p02,33,2年,0.0,空欄,空欄
scanned_document_109_p02_r34_c1.png,scanned_document_109_p02,34,2ヶ月,76.1,×,—
scanned_document_109_p02_r34_c2.png,scanned_document_109_p02,34,4ヶ月,131.0,◎,○
scanned_document_109_p02_r34_c3.png,scanned_document_109_p02,34,8ヶ月,133.7,×,×
scanned_document_109_p02_r34_c4.png,scanned_document_109_p02,34,1年,28.5,空欄,空欄
scanned_document_109_p02_r34_c5.png,scanned_document_109_p02,34,1年4ヶ月,29.8,空欄,空欄
scanned_document_109_p02_r34_c6.png,scanned_document_109_p02,34,1年8ヶ月,33.7,空欄,空欄
scanned_document_109_p02_r34_c7.png,scanned_document_109_p02,34,2年,31.6,空欄,空欄
scanned_document_109_p02_r35_c1.png,scanned_document_109_p02,35,2ヶ月,138.0,×,—
scanned_document_109_p02_r35_c2.png,scanned_document_109_p02,35,4ヶ月,132.0,×,○
scanned_document_109_p02_r35_c3.png,scanned_document_109_p02,35,8ヶ月,189.6,×,○
scanned_document_109_p02_r35_c4.png,scanned_document_109_p02,35,1年,170.8,◎,在庫なし
scanned_document_109_p02_r35_c5.png,scanned_document_109_p02,35,1年4ヶ月,0.0,空欄,空欄
scanned_document_109_p02_r35_c6.png,scanned_document_109_p02,35,1年8ヶ月,0.0,空欄,空欄
scanned_document_109_p02_r35_c7.png,scanned_document_109_p02,35,2年,0.0,空欄,空欄
scanned_document_109_p02_r36_c1.png,scanned_document_109_p02,36,2ヶ月,115.1,—,—
scanned_document_109_p02_r36_c2.png,scanned_document_109_p02,36,4ヶ月,124.7,×,○
scanned_document_109_p02_r36_c3.png,scanned_document_109_p02,36,8ヶ月,33.2,空欄,空欄
scanned_document_109_p02_r36_c4.png,scanned_document_109_p02,36,1年,32.2,空欄,空欄
scanned_document_109_p02_r36_c5.png,scanned_document_109_p02,36,1年4ヶ月,32.0,空欄,空欄
scanned_document_109_p02_r36_c6.png,scanned_document_109_p02,36,1年8ヶ月,32.9,空欄,空欄
scanned_document_109_p02_r36_c7.png,scanned_document_109_p02,36,2年,33.7,空欄,空欄
scanned_document_109_p02_r37_c1.png,scanned_document_109_p02,37,2ヶ月,125.8,×,—
scanned_document_109_p02_r37_c2.png,scanned_document_109_p02,37,4ヶ月,188.9,×,○
scanned_document_109_p02_r37_c3.png,scanned_document_109_p02,37,8ヶ月,0.0,空欄,空欄
scanned_document_109_p02_r37_c4.png,scanned_document_109_p02,37,1年,0.0,空欄,空欄
scanned_document_109_p02_r37_c5.png,scanned_document_109_p02,37,1年4ヶ月,0.0,空欄,空欄
scanned_document_109_p02_r37_c6.png,scanned_document_109_p02,37,1年8ヶ月,0.0,空欄,空欄
scanned_document_109_p02_r37_c7.png,scanned_document_109_p02,37,2年,0.0,空欄,空欄
scanned_document_109_p02_r38_c1.png,scanned_document_109_p02,38,2ヶ月,105.0,×,—
scanned_document_109_p02_r38_c2.png,scanned_document_109_p02,38,4ヶ月,33.5,空欄,空欄
scanned_document_109_p02_r38_c3.png,scanned_document_109_p02,38,8ヶ月,30.0,空欄,空欄
scanned_document_109_p02_r38_c4.png,scanned_document_109_p02,38,1年,33.6,空欄,空欄
scanned_document_109_p02_r38_c5.png,scanned_document_109_p02,38,1年4ヶ月,33.7,空欄,空欄
scanned_document_109_p02_r38_c6.png,scanned_document_109_p02,38,1年8ヶ月,31.0,空欄,空欄
scanned_document_109_p02_r38_c7.png,scanned_document_109_p02,38,2年,34.6,空欄,空欄
scanned_document_109_p02_r39_c1.png,scanned_document_109_p02,39,2ヶ月,132.2,—,—
scanned_document_109_p02_r39_c2.png,scanned_document_109_p02,39,4ヶ月,0.0,空欄,空欄
scanned_document_109_p02_r39_c3.png,scanned_document_109_p02,39,8ヶ月,0.0,空欄,空欄
scanned_document_109_p02_r39_c4.png,scanned_document_109_p02,39,1年,0.0,空欄,空欄
scanned_document_109_p02_r39_c5.png,scanned_document_109_p02,39,1年4ヶ月,0.0,空欄,空欄
scanned_document_109_p02_r39_c6.png,scanned_document_109_p02,39,1年8ヶ月,0.0,空欄,空欄
scanned_document_109_p02_r39_c7.png,scanned_document_109_p02,39,2年,32.0,空欄,空欄
scanned_document_109_p02_r40_c1.png,scanned_document_109_p02,40,2ヶ月,103.6,×,—
scanned_document_109_p02_r40_c2.png,scanned_document_109_p02,40,4ヶ月,32.2,空欄,空欄
scanned_document_109_p02_r40_c3.png,scanned_document_109_p02,40,8ヶ月,33.1,空欄,空欄
scanned_document_109_p02_r40_c4.png,scanned_document_109_p02,40,1年,32.3,空欄,空欄
scanned_document_109_p02_r40_c5.png,scanned_document_109_p02,40,1年4ヶ月,31.6,空欄,空欄
scanned_document_109_p02_r40_c6.png,scanned_document_109_p02,40,1年8ヶ月,36.4,空欄,空欄
scanned_document_109_p02_r40_c7.png,scanned_document_109_p02,40,2年,33.9,空欄,空欄
scanned_document_109_p02_r41_c1.png,scanned_document_109_p02,41,2ヶ月,117.1,—,—
scanned_document_109_p02_r41_c2.png,scanned_document_109_p02,41,4ヶ月,0.0,空欄,空欄
scanned_document_109_p02_r41_c3.png,scanned_document_109_p02,41,8ヶ月,0.0,空欄,空欄
scanned_document_109_p02_r41_c4.png,scanned_document_109_p02,41,1年,30.0,空欄,空欄
scanned_document_109_p02_r41_c5.png,scanned_document_109_p02,41,1年4ヶ月,30.0,空欄,空欄
scanned_document_109_p02_r41_c6.png,scanned_document_109_p02,41,1年8ヶ月,30.5,空欄,空欄
scanned_document_109_p02_r41_c7.png,scanned_document_109_p02,41,2年,31.2,空欄,空欄
scanned_document_109_p02_r42_c1.png,scanned_document_109_p02,42,2ヶ月,36.0,空欄,空欄
scanned_document_109_p02_r42_c2.png,scanned_document_109_p02,42,4ヶ月,34.8,空欄,空欄
scanned_document_109_p02_r42_c3.png,scanned_document_109_p02,42,8ヶ月,34.7,空欄,空欄
scanned_document_109_p02_r42_c4.png,scanned_document_109_p02,42,1年,32.5,空欄,空欄
scanned_document_109_p02_r42_c5.png,scanned_document_109_p02,42,1年4ヶ月,33.4,空欄,空欄
scanned_document_109_p02_r42_c6.png,scanned_document_109_p02,42,1年8ヶ月,31.7,空欄,空欄
scanned_document_109_p02_r42_c7.png,scanned_document_109_p02,42,2年,31.2,空欄,空欄
scanned_document_109_p02_r43_c1.png,scanned_document_109_p02,43,2ヶ月,115.1,×,—
scanned_document_109_p02_r43_c2.png,scanned_document_109_p02,43,4ヶ月,181.8,×,○
scanned_document_109_p02_r43_c3.png,scanned_document_109_p02,43,8ヶ月,168.5,◎,在庫なし
scanned_document_109_p02_r43_c4.png,scanned_document_109_p02,43,1年,30.5,空欄,空欄
scanned_document_109_p02_r43_c5.png,scanned_document_109_p02,43,1年4ヶ月,30.4,空欄,空欄
scanned_document_109_p02_r43_c6.png,scanned_document_109_p02,43,1年8ヶ月,29.8,空欄,空欄
scanned_document_109_p02_r43_c7.png,scanned_document_109_p02,43,2年,28.3,空欄,空欄
scanned_document_109_p02_r44_c1.png,scanned_document_109_p02,44,2ヶ月,106.3,×,—
scanned_document_109_p02_r44_c2.png,scanned_document_109_p02,44,4ヶ月,29.7,空欄,空欄
scanned_document_109_p02_r44_c3.png,scanned_document_109_p02,44,8ヶ月,29.4,空欄,空欄
scanned_document_109_p02_r44_c4.png,scanned_document_109_p02,44,1年,31.3,空欄,空欄
scanned_document_109_p02_r44_c5.png,scanned_document_109_p02,44,1年4ヶ月,30.9,空欄,空欄
scanned_document_109_p02_r44_c6.png,scanned_document_109_p02,44,1年8ヶ月,33.2,空欄,空欄
scanned_document_109_p02_r44_c7.png,scanned_document_109_p02,44,2年,38.3,空欄,空欄
scanned_document_109_p02_r45_c1.png,scanned_document_109_p02,45,2ヶ月,120.6,×,—
scanned_document_109_p02_r45_c2.png,scanned_document_109_p02,45,4ヶ月,33.2,空欄,空欄
scanned_document_109_p02_r45_c3.png,scanned_document_109_p02,45,8ヶ月,37.3,空欄,空欄
scanned_document_109_p02_r45_c4.png,scanned_document_109_p02,45,1年,32.3,空欄,空欄
scanned_document_109_p02_r45_c5.png,scanned_document_109_p02,45,1年4ヶ月,31.5,空欄,空欄
scanned_document_109_p02_r45_c6.png,scanned_document_109_p02,45,1年8ヶ月,37.8,空欄,空欄
scanned_document_109_p02_r45_c7.png,scanned_document_109_p02,45,2年,40.6,空欄,空欄
scanned_document_109_p03_r01_c1.png,scanned_document_109_p03,1,2ヶ月,165.9,◎,
scanned_document_109_p03_r01_c2.png,scanned_document_109_p03,1,4ヶ月,165.9,◎,
scanned_document_109_p03_r01_c3.png,scanned_document_109_p03,1,8ヶ月,169.1,◎,
scanned_document_109_p03_r01_c4.png,scanned_document_109_p03,1,1年,167.8,◎,
scanned_document_109_p03_r01_c5.png,scanned_document_109_p03,1,1年4ヶ月,168.6,◎,
scanned_document_109_p03_r01_c6.png,scanned_document_109_p03,1,1年8ヶ月,171.5,◎,
scanned_document_109_p03_r01_c7.png,scanned_document_109_p03,1,2年,171.1,◎,
scanned_document_109_p03_r02_c1.png,scanned_document_109_p03,2,2ヶ月,147.9,◎,
scanned_document_109_p03_r02_c2.png,scanned_document_109_p03,2,4ヶ月,140.2,◎,
scanned_document_109_p03_r02_c3.png,scanned_document_109_p03,2,8ヶ月,32.2,空欄,
scanned_document_109_p03_r02_c4.png,scanned_document_109_p03,2,1年,34.2,空欄,
scanned_document_109_p03_r02_c5.png,scanned_document_109_p03,2,1年4ヶ月,32.0,空欄,
scanned_document_109_p03_r02_c6.png,scanned_document_109_p03,2,1年8ヶ月,32.7,空欄,
scanned_document_109_p03_r02_c7.png,scanned_document_109_p03,2,2年,33.0,空欄,
scanned_document_109_p03_r03_c1.png,scanned_document_109_p03,3,2ヶ月,142.9,◎,×
scanned_document_109_p03_r03_c2.png,scanned_document_109_p03,3,4ヶ月,143.1,◎,在庫なし
scanned_document_109_p03_r03_c3.png,scanned_document_109_p03,3,8ヶ月,34.0,空欄,空欄
scanned_document_109_p03_r03_c4.png,scanned_document_109_p03,3,1年,0.0,空欄,空欄
scanned_document_109_p03_r03_c5.png,scanned_document_109_p03,3,1年4ヶ月,0.0,空欄,空欄
scanned_document_109_p03_r03_c6.png,scanned_document_109_p03,3,1年8ヶ月,0.0,空欄,空欄
scanned_document_109_p03_r03_c7.png,scanned_document_109_p03,3,2年,0.0,空欄,空欄
scanned_document_109_p03_r04_c1.png,scanned_document_109_p03,4,2ヶ月,150.2,×,○
scanned_document_109_p03_r04_c2.png,scanned_document_109_p03,4,4ヶ月,32.0,空欄,空欄
scanned_document_109_p03_r04_c3.png,scanned_document_109_p03,4,8ヶ月,39.6,空欄,空欄
scanned_document_109_p03_r04_c4.png,scanned_document_109_p03,4,1年,34.2,空欄,空欄
scanned_document_109_p03_r04_c5.png,scanned_document_109_p03,4,1年4ヶ月,33.1,空欄,空欄
scanned_document_109_p03_r04_c6.png,scanned_document_109_p03,4,1年8ヶ月,36.1,空欄,空欄
scanned_document_109_p03_r04_c7.png,scanned_document_109_p03,4,2年,30.0,空欄,空欄
scanned_document_109_p03_r05_c1.png,scanned_document_109_p03,5,2ヶ月,175.5,×,○
scanned_document_109_p03_r05_c2.png,scanned_document_109_p03,5,4ヶ月,33.1,空欄,空欄
scanned_document_109_p03_r05_c3.png,scanned_document_109_p03,5,8ヶ月,30.0,空欄,空欄
scanned_document_109_p03_r05_c4.png,scanned_document_109_p03,5,1年,0.0,空欄,空欄
scanned_document_109_p03_r05_c5.png,scanned_document_109_p03,5,1年4ヶ月,0.0,空欄,空欄
scanned_document_109_p03_r05_c6.png,scanned_document_109_p03,5,1年8ヶ月,29.7,空欄,空欄
scanned_document_109_p03_r05_c7.png,scanned_document_109_p03,5,2年,29.7,空欄,空欄
scanned_document_109_p03_r06_c1.png,scanned_document_109_p03,6,2ヶ月,29.7,空欄,空欄
scanned_document_109_p03_r06_c2.png,scanned_document_109_p03,6,4ヶ月,34.5,空欄,空欄
scanned_document_109_p03_r06_c3.png,scanned_document_109_p03,6,8ヶ月,34.6,空欄,空欄
scanned_document_109_p03_r06_c4.png,scanned_document_109_p03,6,1年,37.5,空欄,空欄
scanned_document_109_p03_r06_c5.png,scanned_document_109_p03,6,1年4ヶ月,36.1,空欄,空欄
scanned_document_109_p03_r06_c6.png,scanned_document_109_p03,6,1年8ヶ月,33.2,空欄,空欄
scanned_document_109_p03_r06_c7.png,scanned_document_109_p03,6,2年,0.0,空欄,空欄
scanned_document_109_p03_r07_c1.png,scanned_document_109_p03,7,2ヶ月,0.0,空欄,空欄
scanned_document_109_p03_r07_c2.png,scanned_document_109_p03,7,4ヶ月,0.0,空欄,空欄
scanned_document_109_p03_r07_c3.png,scanned_document_109_p03,7,8ヶ月,0.0,空欄,空欄
scanned_document_109_p03_r07_c4.png,scanned_document_109_p03,7,1年,0.0,空欄,空欄
scanned_document_109_p03_r07_c5.png,scanned_document_109_p03,7,1年4ヶ月,0.0,空欄,空欄
scanned_document_109_p03_r07_c6.png,scanned_document_109_p03,7,1年8ヶ月,0.0,空欄,空欄
scanned_document_109_p03_r07_c7.png,scanned_document_109_p03,7,2年,0.0,空欄,空欄
scanned_document_109_p03_r08_c1.png,scanned_document_109_p03,8,2ヶ月,136.3,×,—
scanned_document_109_p03_r08_c2.png,scanned_document_109_p03,8,4ヶ月,147.3,×,○
scanned_document_109_p03_r08_c3.png,scanned_document_109_p03,8,8ヶ月,35.3,空欄,空欄
scanned_document_109_p03_r08_c4.png,scanned_document_109_p03,8,1年,0.0,空欄,空欄
scanned_document_109_p03_r08_c5.png,scanned_document_109_p03,8,1年4ヶ月,0.0,空欄,空欄
scanned_document_109_p03_r08_c6.png,scanned_document_109_p03,8,1年8ヶ月,0.0,空欄,空欄
scanned_document_109_p03_r08_c7.png,scanned_document_109_p03,8,2年,0.0,空欄,空欄
scanned_document_109_p03_r09_c1.png,scanned_document_109_p03,9,2ヶ月,139.2,×,—
scanned_document_109_p03_r09_c2.png,scanned_document_109_p03,9,4ヶ月,0.0,空欄,空欄
scanned_document_109_p03_r09_c3.png,scanned_document_109_p03,9,8ヶ月,28.0,空欄,空欄
scanned_document_109_p03_r09_c4.png,scanned_document_109_p03,9,1年,33.0,空欄,空欄
scanned_document_109_p03_r09_c5.png,scanned_document_109_p03,9,1年4ヶ月,30.2,空欄,空欄
scanned_document_109_p03_r09_c6.png,scanned_document_109_p03,9,1年8ヶ月,30.8,空欄,空欄
scanned_document_109_p03_r09_c7.png,scanned_document_109_p03,9,2年,0.0,空欄,空欄
scanned_document_109_p03_r10_c1.png,scanned_document_109_p03,10,2ヶ月,128.7,×,—
scanned_document_109_p03_r10_c2.png,scanned_document_109_p03,10,4ヶ月,28.5,空欄,空欄
scanned_document_109_p03_r10_c3.png,scanned_document_109_p03,10,8ヶ月,31.0,空欄,空欄
scanned_document_109_p03_r10_c4.png,scanned_document_109_p03,10,1年,28.5,空欄,空欄
scanned_document_109_p03_r10_c5.png,scanned_document_109_p03,10,1年4ヶ月,30.3,空欄,空欄
scanned_document_109_p03_r10_c6.png,scanned_document_109_p03,10,1年8ヶ月,30.4,空欄,空欄
scanned_document_109_p03_r10_c7.png,scanned_document_109_p03,10,2年,29.3,空欄,空欄
scanned_document_109_p03_r11_c1.png,scanned_document_109_p03,11,2ヶ月,131.1,×,—
scanned_document_109_p03_r11_c2.png,scanned_document_109_p03,11,4ヶ月,0.0,空欄,空欄
scanned_document_109_p03_r11_c3.png,scanned_document_109_p03,11,8ヶ月,33.7,空欄,空欄
scanned_document_109_p03_r11_c4.png,scanned_document_109_p03,11,1年,29.2,空欄,空欄
scanned_document_109_p03_r11_c5.png,scanned_document_109_p03,11,1年4ヶ月,28.0,空欄,空欄
scanned_document_109_p03_r11_c6.png,scanned_document_109_p03,11,1年8ヶ月,29.7,空欄,空欄
scanned_document_109_p03_r11_c7.png,scanned_document_109_p03,11,2年,28.0,空欄,空欄
scanned_document_109_p03_r12_c1.png,scanned_document_109_p03,12,2ヶ月,126.9,×,—
scanned_document_109_p03_r12_c2.png,scanned_document_109_p03,12,4ヶ月,32.0,空欄,空欄
scanned_document_109_p03_r12_c3.png,scanned_document_109_p03,12,8ヶ月,30.4,空欄,空欄
scanned_document_109_p03_r12_c4.png,scanned_document_109_p03,12,1年,30.9,空欄,空欄
scanned_document_109_p03_r12_c5.png,scanned_document_109_p03,12,1年4ヶ月,31.5,空欄,空欄
scanned_document_109_p03_r12_c6.png,scanned_document_109_p03,12,1年8ヶ月,29.6,空欄,空欄
scanned_document_109_p03_r12_c7.png,scanned_document_109_p03,12,2年,0.0,空欄,空欄
scanned_document_109_p03_r13_c1.png,scanned_document_109_p03,13,2ヶ月,156.6,×,—
scanned_document_109_p03_r13_c2.png,scanned_document_109_p03,13,4ヶ月,30.3,空欄,空欄
scanned_document_109_p03_r13_c3.png,scanned_document_109_p03,13,8ヶ月,0.0,空欄,空欄
scanned_document_109_p03_r13_c4.png,scanned_document_109_p03,13,1年,0.0,空欄,空欄
scanned_document_109_p03_r13_c5.png,scanned_document_109_p03,13,1年4ヶ月,33.0,空欄,空欄
scanned_document_109_p03_r13_c6.png,scanned_document_109_p03,13,1年8ヶ月,30.7,空欄,空欄
scanned_document_109_p03_r13_c7.png,scanned_document_109_p03,13,2年,30.0,空欄,空欄
scanned_document_109_p03_r14_c1.png,scanned_document_109_p03,14,2ヶ月,90.4,×,—
scanned_document_109_p03_r14_c2.png,scanned_document_109_p03,14,4ヶ月,125.3,×,○
scanned_document_109_p03_r14_c3.png,scanned_document_109_p03,14,8ヶ月,126.2,×,○
scanned_document_109_p03_r14_c4.png,scanned_document_109_p03,14,1年,146.0,×,○
scanned_document_109_p03_r14_c5.png,scanned_document_109_p03,14,1年4ヶ月,0.0,空欄,空欄
scanned_document_109_p03_r14_c6.png,scanned_document_109_p03,14,1年8ヶ月,29.6,空欄,空欄
scanned_document_109_p03_r14_c7.png,scanned_document_109_p03,14,2年,30.5,空欄,空欄
scanned_document_109_p03_r15_c1.png,scanned_document_109_p03,15,2ヶ月,158.9,×,—
scanned_document_109_p03_r15_c2.png,scanned_document_109_p03,15,4ヶ月,146.9,◎,○
scanned_document_109_p03_r15_c3.png,scanned_document_109_p03,15,8ヶ月,148.8,×,○
scanned_document_109_p03_r15_c4.png,scanned_document_109_p03,15,1年,33.5,空欄,空欄
scanned_document_109_p03_r15_c5.png,scanned_document_109_p03,15,1年4ヶ月,34.5,空欄,空欄
scanned_document_109_p03_r15_c6.png,scanned_document_109_p03,15,1年8ヶ月,32.4,空欄,空欄
scanned_document_109_p03_r15_c7.png,scanned_document_109_p03,15,2年,32.0,空欄,空欄
scanned_document_109_p03_r16_c1.png,scanned_document_109_p03,16,2ヶ月,125.2,—,—
scanned_document_109_p03_r16_c2.png,scanned_document_109_p03,16,4ヶ月,147.7,◎,×
scanned_document_109_p03_r16_c3.png,scanned_document_109_p03,16,8ヶ月,0.0,空欄,空欄
scanned_document_109_p03_r16_c4.png,scanned_document_109_p03,16,1年,0.0,空欄,空欄
scanned_document_109_p03_r16_c5.png,scanned_document_109_p03,16,1年4ヶ月,0.0,空欄,空欄
scanned_document_109_p03_r16_c6.png,scanned_document_109_p03,16,1年8ヶ月,0.0,空欄,空欄
scanned_document_109_p03_r16_c7.png,scanned_document_109_p03,16,2年,0.0,空欄,空欄
scanned_document_109_p03_r17_c1.png,scanned_document_109_p03,17,2ヶ月,163.7,×,—
scanned_document_109_p03_r17_c2.png,scanned_document_109_p03,17,4ヶ月,146.0,×,○
scanned_document_109_p03_r17_c3.png,scanned_document_109_p03,17,8ヶ月,34.0,空欄,空欄
scanned_document_109_p03_r17_c4.png,scanned_document_109_p03,17,1年,30.0,空欄,空欄
scanned_document_109_p03_r17_c5.png,scanned_document_109_p03,17,1年4ヶ月,32.7,空欄,空欄
scanned_document_109_p03_r17_c6.png,scanned_document_109_p03,17,1年8ヶ月,33.0,空欄,空欄
scanned_document_109_p03_r17_c7.png,scanned_document_109_p03,17,2年,31.0,空欄,空欄
scanned_document_109_p03_r18_c1.png,scanned_document_109_p03,18,2ヶ月,134.9,—,—
scanned_document_109_p03_r18_c2.png,scanned_document_109_p03,18,4ヶ月,150.8,×,○
scanned_document_109_p03_r18_c3.png,scanned_document_109_p03,18,8ヶ月,0.0,空欄,空欄
scanned_document_109_p03_r18_c4.png,scanned_document_109_p03,18,1年,0.0,空欄,空欄
scanned_document_109_p03_r18_c5.png,scanned_document_109_p03,18,1年4ヶ月,0.0,空欄,空欄
scanned_document_109_p03_r18_c6.png,scanned_document_109_p03,18,1年8ヶ月,29.2,空欄,空欄
scanned_document_109_p03_r18_c7.png,scanned_document_109_p03,18,2年,0.0,空欄,空欄
scanned_document_109_p03_r19_c1.png,scanned_document_109_p03,19,2ヶ月,126.9,—,—
scanned_document_109_p03_r19_c2.png,scanned_document_109_p03,19,4ヶ月,33.7,空欄,空欄
scanned_document_109_p03_r19_c3.png,scanned_document_109_p03,19,8ヶ月,32.1,空欄,空欄
scanned_document_109_p03_r19_c4.png,scanned_document_109_p03,19,1年,34.8,空欄,空欄
scanned_document_109_p03_r19_c5.png,scanned_document_109_p03,19,1年4ヶ月,30.2,空欄,空欄
scanned_document_109_p03_r19_c6.png,scanned_document_109_p03,19,1年8ヶ月,30.2,空欄,空欄
scanned_document_109_p03_r19_c7.png,scanned_document_109_p03,19,2年,0.0,空欄,空欄
scanned_document_109_p03_r20_c1.png,scanned_document_109_p03,20,2ヶ月,113.0,—,—
scanned_document_109_p03_r20_c2.png,scanned_document_109_p03,20,4ヶ月,178.4,×,○
scanned_document_109_p03_r20_c3.png,scanned_document_109_p03,20,8ヶ月,166.6,◎,在庫なし
scanned_document_109_p03_r20_c4.png,scanned_document_109_p03,20,1年,29.2,空欄,空欄
scanned_document_109_p03_r20_c5.png,scanned_document_109_p03,20,1年4ヶ月,31.7,空欄,空欄
scanned_document_109_p03_r20_c6.png,scanned_document_109_p03,20,1年8ヶ月,28.5,空欄,空欄
scanned_document_109_p03_r20_c7.png,scanned_document_109_p03,20,2年,0.0,空欄,空欄
scanned_document_109_p03_r21_c1.png,scanned_document_109_p03,21,2ヶ月,143.8,×,—
scanned_document_109_p03_r21_c2.png,scanned_document_109_p03,21,4ヶ月,31.5,空欄,空欄
scanned_document_109_p03_r21_c3.png,scanned_document_109_p03,21,8ヶ月,28.7,空欄,空欄
scanned_document_109_p03_r21_c4.png,scanned_document_109_p03,21,1年,31.0,空欄,空欄
scanned_document_109_p03_r21_c5.png,scanned_document_109_p03,21,1年4ヶ月,33.2,空欄,空欄
scanned_document_109_p03_r21_c6.png,scanned_document_109_p03,21,1年8ヶ月,29.2,空欄,空欄
scanned_document_109_p03_r21_c7.png,scanned_document_109_p03,21,2年,31.8,空欄,空欄
scanned_document_109_p03_r22_c1.png,scanned_document_109_p03,22,2ヶ月,138.4,×,—
scanned_document_109_p03_r22_c2.png,scanned_document_109_p03,22,4ヶ月,0.0,空欄,空欄
scanned_document_109_p03_r22_c3.png,scanned_document_109_p03,22,8ヶ月,29.9,空欄,空欄
scanned_document_109_p03_r22_c4.png,scanned_document_109_p03,22,1年,31.2,空欄,空欄
scanned_document_109_p03_r22_c5.png,scanned_document_109_p03,22,1年4ヶ月,30.4,空欄,空欄
scanned_document_109_p03_r22_c6.png,scanned_document_109_p03,22,1年8ヶ月,30.0,空欄,空欄
scanned_document_109_p03_r22_c7.png,scanned_document_109_p03,22,2年,36.0,空欄,空欄
scanned_document_109_p03_r23_c1.png,scanned_document_109_p03,23,2ヶ月,134.4,—,—
scanned_document_109_p03_r23_c2.png,scanned_document_109_p03,23,4ヶ月,31.5,空欄,空欄
scanned_document_109_p03_r23_c3.png,scanned_document_109_p03,23,8ヶ月,31.5,空欄,空欄
scanned_document_109_p03_r23_c4.png,scanned_document_109_p03,23,1年,30.5,空欄,空欄
scanned_document_109_p03_r23_c5.png,scanned_document_109_p03,23,1年4ヶ月,30.1,空欄,空欄
scanned_document_109_p03_r23_c6.png,scanned_document_109_p03,23,1年8ヶ月,31.1,空欄,空欄
scanned_document_109_p03_r23_c7.png,scanned_document_109_p03,23,2年,29.0,空欄,空欄
scanned_document_109_p03_r24_c1.png,scanned_document_109_p03,24,2ヶ月,141.6,×,—
scanned_document_109_p03_r24_c2.png,scanned_document_109_p03,24,4ヶ月,32.4,空欄,空欄
scanned_document_109_p03_r24_c3.png,scanned_document_109_p03,24,8ヶ月,31.0,空欄,空欄
scanned_document_109_p03_r24_c4.png,scanned_document_109_p03,24,1年,0.0,空欄,空欄
scanned_document_109_p03_r24_c5.png,scanned_document_109_p03,24,1年4ヶ月,32.2,空欄,空欄
scanned_document_109_p03_r24_c6.png,scanned_document_109_p03,24,1年8ヶ月,32.6,空欄,空欄
scanned_document_109_p03_r24_c7.png,scanned_document_109_p03,24,2年,33.1,空欄,空欄
scanned_document_109_p03_r25_c1.png,scanned_document_109_p03,25,2ヶ月,143.9,×,—
scanned_document_109_p03_r25_c2.png,scanned_document_109_p03,25,4ヶ月,149.1,×,○
scanned_document_109_p03_r25_c3.png,scanned_document_109_p03,25,8ヶ月,145.1,◎,○
scanned_document_109_p03_r25_c4.png,scanned_document_109_p03,25,1年,0.0,空欄,空欄
scanned_document_109_p03_r25_c5.png,scanned_document_109_p03,25,1年4ヶ月,0.0,空欄,空欄
scanned_document_109_p03_r25_c6.png,scanned_document_109_p03,25,1年8ヶ月,0.0,空欄,空欄
scanned_document_109_p03_r25_c7.png,scanned_document_109_p03,25,2年,0.0,空欄,空欄
scanned_document_109_p03_r26_c1.png,scanned_document_109_p03,26,2ヶ月,157.2,—,—
scanned_document_109_p03_r26_c2.png,scanned_document_109_p03,26,4ヶ月,32.4,空欄,空欄
scanned_document_109_p03_r26_c3.png,scanned_document_109_p03,26,8ヶ月,33.3,空欄,空欄
scanned_document_109_p03_r26_c4.png,scanned_document_109_p03,26,1年,30.2,空欄,空欄
scanned_document_109_p03_r26_c5.png,scanned_document_109_p03,26,1年4ヶ月,32.7,空欄,空欄
scanned_document_109_p03_r26_c6.png,scanned_document_109_p03,26,1年8ヶ月,31.4,空欄,空欄
scanned_document_109_p03_r26_c7.png,scanned_document_109_p03,26,2年,30.2,空欄,空欄
scanned_document_109_p03_r27_c1.png,scanned_document_109_p03,27,2ヶ月,125.9,—,—
scanned_document_109_p03_r27_c2.png,scanned_document_109_p03,27,4ヶ月,0.0,空欄,空欄
scanned_document_109_p03_r27_c3.png,scanned_document_109_p03,27,8ヶ月,0.0,空欄,空欄
scanned_document_109_p03_r27_c4.png,scanned_document_109_p03,27,1年,0.0,空欄,空欄
scanned_document_109_p03_r27_c5.png,scanned_document_109_p03,27,1年4ヶ月,0.0,空欄,空欄
scanned_document_109_p03_r27_c6.png,scanned_document_109_p03,27,1年8ヶ月,0.0,空欄,空欄
scanned_document_109_p03_r27_c7.png,scanned_document_109_p03,27,2年,0.0,空欄,空欄
scanned_document_109_p03_r28_c1.png,scanned_document_109_p03,28,2ヶ月,154.2,◎,×
scanned_document_109_p03_r28_c2.png,scanned_document_109_p03,28,4ヶ月,142.7,◎,在庫なし
scanned_document_109_p03_r28_c3.png,scanned_document_109_p03,28,8ヶ月,28.7,空欄,空欄
scanned_document_109_p03_r28_c4.png,scanned_document_109_p03,28,1年,0.0,空欄,空欄
scanned_document_109_p03_r28_c5.png,scanned_document_109_p03,28,1年4ヶ月,33.0,空欄,空欄
scanned_document_109_p03_r28_c6.png,scanned_document_109_p03,28,1年8ヶ月,29.0,空欄,空欄
scanned_document_109_p03_r28_c7.png,scanned_document_109_p03,28,2年,0.0,空欄,空欄
scanned_document_109_p03_r29_c1.png,scanned_document_109_p03,29,2ヶ月,156.1,×,×
scanned_document_109_p03_r29_c2.png,scanned_document_109_p03,29,4ヶ月,147.3,◎,在庫なし
scanned_document_109_p03_r29_c3.png,scanned_document_109_p03,29,8ヶ月,0.0,空欄,空欄
scanned_document_109_p03_r29_c4.png,scanned_document_109_p03,29,1年,0.0,空欄,空欄
scanned_document_109_p03_r29_c5.png,scanned_document_109_p03,29,1年4ヶ月,0.0,空欄,空欄
scanned_document_109_p03_r29_c6.png,scanned_document_109_p03,29,1年8ヶ月,0.0,空欄,空欄
scanned_document_109_p03_r29_c7.png,scanned_document_109_p03,29,2年,0.0,空欄,空欄
scanned_document_109_p03_r30_c1.png,scanned_document_109_p03,30,2ヶ月,156.5,×,×
scanned_document_109_p03_r30_c2.png,scanned_document_109_p03,30,4ヶ月,145.8,◎,在庫なし
scanned_document_109_p03_r30_c3.png,scanned_document_109_p03,30,8ヶ月,33.3,空欄,空欄
scanned_document_109_p03_r30_c4.png,scanned_document_109_p03,30,1年,31.0,空欄,空欄
scanned_document_109_p03_r30_c5.png,scanned_document_109_p03,30,1年4ヶ月,30.3,空欄,空欄
scanned_document_109_p03_r30_c6.png,scanned_document_109_p03,30,1年8ヶ月,30.7,空欄,空欄
scanned_document_109_p03_r30_c7.png,scanned_document_109_p03,30,2年,0.0,空欄,空欄
scanned_document_109_p03_r31_c1.png,scanned_document_109_p03,31,2ヶ月,153.2,×,○
scanned_document_109_p03_r31_c2.png,scanned_document_109_p03,31,4ヶ月,0.0,空欄,空欄
scanned_document_109_p03_r31_c3.png,scanned_document_109_p03,31,8ヶ月,0.0,空欄,空欄
scanned_document_109_p03_r31_c4.png,scanned_document_109_p03,31,1年,0.0,空欄,空欄
scanned_document_109_p03_r31_c5.png,scanned_document_109_p03,31,1年4ヶ月,0.0,空欄,空欄
scanned_document_109_p03_r31_c6.png,scanned_document_109_p03,31,1年8ヶ月,0.0,空欄,空欄
scanned_document_109_p03_r31_c7.png,scanned_document_109_p03,31,2年,0.0,空欄,空欄
scanned_document_109_p03_r32_c1.png,scanned_document_109_p03,32,2ヶ月,185.0,×,○
scanned_document_109_p03_r32_c2.png,scanned_document_109_p03,32,4ヶ月,32.3,空欄,空欄
scanned_document_109_p03_r32_c3.png,scanned_document_109_p03,32,8ヶ月,29.3,空欄,空欄
scanned_document_109_p03_r32_c4.png,scanned_document_109_p03,32,1年,30.0,空欄,空欄
scanned_document_109_p03_r32_c5.png,scanned_document_109_p03,32,1年4ヶ月,31.4,空欄,空欄
scanned_document_109_p03_r32_c6.png,scanned_document_109_p03,32,1年8ヶ月,31.0,空欄,空欄
scanned_document_109_p03_r32_c7.png,scanned_document_109_p03,32,2年,29.0,空欄,空欄
scanned_document_109_p03_r33_c1.png,scanned_document_109_p03,33,2ヶ月,0.0,空欄,空欄
scanned_document_109_p03_r33_c2.png,scanned_document_109_p03,33,4ヶ月,0.0,空欄,空欄
scanned_document_109_p03_r33_c3.png,scanned_document_109_p03,33,8ヶ月,0.0,空欄,空欄
scanned_document_109_p03_r33_c4.png,scanned_document_109_p03,33,1年,29.0,空欄,空欄
scanned_document_109_p03_r33_c5.png,scanned_document_109_p03,33,1年4ヶ月,28.4,空欄,空欄
scanned_document_109_p03_r33_c6.png,scanned_document_109_p03,33,1年8ヶ月,28.3,空欄,空欄
scanned_document_109_p03_r33_c7.png,scanned_document_109_p03,33,2年,30.3,空欄,空欄
scanned_document_109_p03_r34_c1.png,scanned_document_109_p03,34,2ヶ月,33.3,空欄,空欄
scanned_document_109_p03_r34_c2.png,scanned_document_109_p03,34,4ヶ月,31.3,空欄,空欄
scanned_document_109_p03_r34_c3.png,scanned_document_109_p03,34,8ヶ月,30.7,空欄,空欄
scanned_document_109_p03_r34_c4.png,scanned_document_109_p03,34,1年,30.0,空欄,空欄
scanned_document_109_p03_r34_c5.png,scanned_document_109_p03,34,1年4ヶ月,32.0,空欄,空欄
scanned_document_109_p03_r34_c6.png,scanned_document_109_p03,34,1年8ヶ月,29.0,空欄,空欄
scanned_document_109_p03_r34_c7.png,scanned_document_109_p03,34,2年,31.6,空欄,空欄
scanned_document_109_p03_r35_c1.png,scanned_document_109_p03,35,2ヶ月,142.9,—,—
scanned_document_109_p03_r35_c2.png,scanned_document_109_p03,35,4ヶ月,150.2,◎,○
scanned_document_109_p03_r35_c3.png,scanned_document_109_p03,35,8ヶ月,151.2,×,○
scanned_document_109_p03_r35_c4.png,scanned_document_109_p03,35,1年,0.0,空欄,空欄
scanned_document_109_p03_r35_c5.png,scanned_document_109_p03,35,1年4ヶ月,28.5,空欄,空欄
scanned_document_109_p03_r35_c6.png,scanned_document_109_p03,35,1年8ヶ月,0.0,空欄,空欄
scanned_document_109_p03_r35_c7.png,scanned_document_109_p03,35,2年,35.9,空欄,空欄
scanned_document_109_p03_r36_c1.png,scanned_document_109_p03,36,2ヶ月,114.0,×,—
scanned_document_109_p03_r36_c2.png,scanned_document_109_p03,36,4ヶ月,143.8,×,○
scanned_document_109_p03_r36_c3.png,scanned_document_109_p03,36,8ヶ月,174.9,×,×
scanned_document_109_p03_r36_c4.png,scanned_document_109_p03,36,1年,30.4,空欄,空欄
scanned_document_109_p03_r36_c5.png,scanned_document_109_p03,36,1年4ヶ月,30.5,空欄,空欄
scanned_document_109_p03_r36_c6.png,scanned_document_109_p03,36,1年8ヶ月,30.8,空欄,空欄
scanned_document_109_p03_r36_c7.png,scanned_document_109_p03,36,2年,31.1,空欄,空欄
scanned_document_109_p03_r37_c1.png,scanned_document_109_p03,37,2ヶ月,134.3,×,—
scanned_document_109_p03_r37_c2.png,scanned_document_109_p03,37,4ヶ月,139.8,×,○
scanned_document_109_p03_r37_c3.png,scanned_document_109_p03,37,8ヶ月,30.5,空欄,空欄
scanned_document_109_p03_r37_c4.png,scanned_document_109_p03,37,1年,29.7,空欄,空欄
scanned_document_109_p03_r37_c5.png,scanned_document_109_p03,37,1年4ヶ月,29.1,空欄,空欄
scanned_document_109_p03_r37_c6.png,scanned_document_109_p03,37,1年8ヶ月,38.5,空欄,空欄
scanned_document_109_p03_r37_c7.png,scanned_document_109_p03,37,2年,35.8,空欄,空欄
scanned_document_109_p03_r38_c1.png,scanned_document_109_p03,38,2ヶ月,154.3,×,—
scanned_document_109_p03_r38_c2.png,scanned_document_109_p03,38,4ヶ月,140.8,◎,○
scanned_document_109_p03_r38_c3.png,scanned_document_109_p03,38,8ヶ月,29.4,空欄,空欄
scanned_document_109_p03_r38_c4.png,scanned_document_109_p03,38,1年,33.0,空欄,空欄
scanned_document_109_p03_r38_c5.png,scanned_document_109_p03,38,1年4ヶ月,31.3,空欄,空欄
scanned_document_109_p03_r38_c6.png,scanned_document_109_p03,38,1年8ヶ月,30.2,空欄,空欄
scanned_document_109_p03_r38_c7.png,scanned_document_109_p03,38,2年,29.0,空欄,空欄
scanned_document_109_p03_r39_c1.png,scanned_document_109_p03,39,2ヶ月,124.1,—,—
scanned_document_109_p03_r39_c2.png,scanned_document_109_p03,39,4ヶ月,33.4,空欄,空欄
scanned_document_109_p03_r39_c3.png,scanned_document_109_p03,39,8ヶ月,32.7,空欄,空欄
scanned_document_109_p03_r39_c4.png,scanned_document_109_p03,39,1年,36.2,空欄,空欄
scanned_document_109_p03_r39_c5.png,scanned_document_109_p03,39,1年4ヶ月,39.0,空欄,空欄
scanned_document_109_p03_r39_c6.png,scanned_document_109_p03,39,1年8ヶ月,41.2,空欄,空欄
scanned_document_109_p03_r39_c7.png,scanned_document_109_p03,39,2年,35.2,空欄,空欄
scanned_document_109_p03_r40_c1.png,scanned_document_109_p03,40,2ヶ月,125.2,—,—
scanned_document_109_p03_r40_c2.png,scanned_document_109_p03,40,4ヶ月,30.5,空欄,空欄
scanned_document_109_p03_r40_c3.png,scanned_document_109_p03,40,8ヶ月,30.1,空欄,空欄
scanned_document_109_p03_r40_c4.png,scanned_document_109_p03,40,1年,31.4,空欄,空欄
scanned_document_109_p03_r40_c5.png,scanned_document_109_p03,40,1年4ヶ月,34.6,空欄,空欄
scanned_document_109_p03_r40_c6.png,scanned_document_109_p03,40,1年8ヶ月,0.0,空欄,空欄
scanned_document_109_p03_r40_c7.png,scanned_document_109_p03,40,2年,0.0,空欄,空欄
scanned_document_109_p03_r41_c1.png,scanned_document_109_p03,41,2ヶ月,137.1,×,—
scanned_document_109_p03_r41_c2.png,scanned_document_109_p03,41,4ヶ月,32.6,空欄,空欄
scanned_document_109_p03_r41_c3.png,scanned_document_109_p03,41,8ヶ月,32.2,空欄,空欄
scanned_document_109_p03_r41_c4.png,scanned_document_109_p03,41,1年,30.8,空欄,空欄
scanned_document_109_p03_r41_c5.png,scanned_document_109_p03,41,1年4ヶ月,32.7,空欄,空欄
scanned_document_109_p03_r41_c6.png,scanned_document_109_p03,41,1年8ヶ月,32.9,空欄,空欄
scanned_document_109_p03_r41_c7.png,scanned_document_109_p03,41,2年,32.1,空欄,空欄
scanned_document_109_p03_r42_c1.png,scanned_document_109_p03,42,2ヶ月,98.1,在庫なし,—
scanned_document_109_p03_r42_c2.png,scanned_document_109_p03,42,4ヶ月,43.0,空欄,空欄
scanned_document_109_p03_r42_c3.png,scanned_document_109_p03,42,8ヶ月,45.7,空欄,空欄
scanned_document_109_p03_r42_c4.png,scanned_document_109_p03,42,1年,31.3,空欄,空欄
scanned_document_109_p03_r42_c5.png,scanned_document_109_p03,42,1年4ヶ月,32.5,空欄,空欄
scanned_document_109_p03_r42_c6.png,scanned_document_109_p03,42,1年8ヶ月,29.4,空欄,空欄
scanned_document_109_p03_r42_c7.png,scanned_document_109_p03,42,2年,34.5,空欄,空欄
scanned_document_109_p03_r43_c1.png,scanned_document_109_p03,43,2ヶ月,121.6,×,—
scanned_document_109_p03_r43_c2.png,scanned_document_109_p03,43,4ヶ月,34.8,空欄,空欄
scanned_document_109_p03_r43_c3.png,scanned_document_109_p03,43,8ヶ月,31.1,空欄,空欄
scanned_document_109_p03_r43_c4.png,scanned_document_109_p03,43,1年,29.6,空欄,空欄
scanned_document_109_p03_r43_c5.png,scanned_document_109_p03,43,1年4ヶ月,30.8,空欄,空欄
scanned_document_109_p03_r43_c6.png,scanned_document_109_p03,43,1年8ヶ月,29.5,空欄,空欄
scanned_document_109_p03_r43_c7.png,scanned_document_109_p03,43,2年,37.2,空欄,空欄
scanned_document_109_p03_r44_c1.png,scanned_document_109_p03,44,2ヶ月,131.3,—,—
scanned_document_109_p03_r44_c2.png,scanned_document_109_p03,44,4ヶ月,150.1,×,○
scanned_document_109_p03_r44_c3.png,scanned_document_109_p03,44,8ヶ月,148.8,×,○
scanned_document_109_p03_r44_c4.png,scanned_document_109_p03,44,1年,0.0,空欄,空欄
scanned_document_109_p03_r44_c5.png,scanned_document_109_p03,44,1年4ヶ月,29.7,空欄,空欄
scanned_document_109_p03_r44_c6.png,scanned_document_109_p03,44,1年8ヶ月,30.9,空欄,空欄
scanned_document_109_p03_r44_c7.png,scanned_document_109_p03,44,2年,30.0,空欄,空欄
scanned_document_109_p03_r45_c1.png,scanned_document_109_p03,45,2ヶ月,154.6,×,—
scanned_document_109_p03_r45_c2.png,scanned_document_109_p03,45,4ヶ月,33.0,空欄,空欄
scanned_document_109_p03_r45_c3.png,scanned_document_109_p03,45,8ヶ月,29.3,空欄,空欄
scanned_document_109_p03_r45_c4.png,scanned_document_109_p03,45,1年,30.7,空欄,空欄
scanned_document_109_p03_r45_c5.png,scanned_document_109_p03,45,1年4ヶ月,29.6,空欄,空欄
scanned_document_109_p03_r45_c6.png,scanned_document_109_p03,45,1年8ヶ月,29.8,空欄,空欄
scanned_document_109_p03_r45_c7.png,scanned_document_109_p03,45,2年,37.0,空欄,空欄
scanned_document_109_p03_r46_c1.png,scanned_document_109_p03,46,2ヶ月,143.5,×,—
scanned_document_109_p03_r46_c2.png,scanned_document_109_p03,46,4ヶ月,0.0,空欄,空欄
scanned_document_109_p03_r46_c3.png,scanned_document_109_p03,46,8ヶ月,29.8,空欄,空欄
scanned_document_109_p03_r46_c4.png,scanned_document_109_p03,46,1年,30.9,空欄,空欄
scanned_document_109_p03_r46_c5.png,scanned_document_109_p03,46,1年4ヶ月,29.1,空欄,空欄
scanned_document_109_p03_r46_c6.png,scanned_document_109_p03,46,1年8ヶ月,0.0,空欄,空欄
scanned_document_109_p03_r46_c7.png,scanned_document_109_p03,46,2年,28.0,空欄,空欄
scanned_document_109_p03_r47_c1.png,scanned_document_109_p03,47,2ヶ月,126.7,×,—
scanned_document_109_p03_r47_c2.png,scanned_document_109_p03,47,4ヶ月,29.3,空欄,空欄
scanned_document_109_p03_r47_c3.png,scanned_document_109_p03,47,8ヶ月,28.0,空欄,空欄
scanned_document_109_p03_r47_c4.png,scanned_document_109_p03,47,1年,28.0,空欄,空欄
scanned_document_109_p03_r47_c5.png,scanned_document_109_p03,47,1年4ヶ月,29.4,空欄,空欄
scanned_document_109_p03_r47_c6.png,scanned_document_109_p03,47,1年8ヶ月,30.8,空欄,空欄
scanned_document_109_p03_r47_c7.png,scanned_document_109_p03,47,2年,30.7,空欄,空欄
scanned_document_109_p04_r01_c1.png,scanned_document_109_p04,1,2ヶ月,0.0,空欄,
scanned_document_109_p04_r01_c2.png,scanned_document_109_p04,1,4ヶ月,0.0,空欄,
scanned_document_109_p04_r01_c3.png,scanned_document_109_p04,1,8ヶ月,0.0,空欄,
scanned_document_109_p04_r01_c4.png,scanned_document_109_p04,1,1年,175.4,◎,
scanned_document_109_p04_r01_c5.png,scanned_document_109_p04,1,1年4ヶ月,0.0,空欄,
scanned_document_109_p04_r01_c6.png,scanned_document_109_p04,1,1年8ヶ月,0.0,空欄,
scanned_document_109_p04_r01_c7.png,scanned_document_109_p04,1,2年,0.0,空欄,
scanned_document_109_p04_r02_c1.png,scanned_document_109_p04,2,2ヶ月,170.5,◎,
scanned_document_109_p04_r02_c2.png,scanned_document_109_p04,2,4ヶ月,171.8,◎,
scanned_document_109_p04_r02_c3.png,scanned_document_109_p04,2,8ヶ月,173.0,◎,
scanned_document_109_p04_r02_c4.png,scanned_document_109_p04,2,1年,165.6,◎,
scanned_document_109_p04_r02_c5.png,scanned_document_109_p04,2,1年4ヶ月,173.8,◎,
scanned_document_109_p04_r02_c6.png,scanned_document_109_p04,2,1年8ヶ月,171.8,◎,
scanned_document_109_p04_r02_c7.png,scanned_document_109_p04,2,2年,170.8,◎,
scanned_document_109_p04_r03_c1.png,scanned_document_109_p04,3,2ヶ月,148.4,◎,×
scanned_document_109_p04_r03_c2.png,scanned_document_109_p04,3,4ヶ月,140.0,◎,在庫なし
scanned_document_109_p04_r03_c3.png,scanned_document_109_p04,3,8ヶ月,0.0,空欄,空欄
scanned_document_109_p04_r03_c4.png,scanned_document_109_p04,3,1年,0.0,空欄,空欄
scanned_document_109_p04_r03_c5.png,scanned_document_109_p04,3,1年4ヶ月,0.0,空欄,空欄
scanned_document_109_p04_r03_c6.png,scanned_document_109_p04,3,1年8ヶ月,0.0,空欄,空欄
scanned_document_109_p04_r03_c7.png,scanned_document_109_p04,3,2年,0.0,空欄,空欄
scanned_document_109_p04_r04_c1.png,scanned_document_109_p04,4,2ヶ月,134.9,◎,×
scanned_document_109_p04_r04_c2.png,scanned_document_109_p04,4,4ヶ月,140.7,◎,在庫なし
scanned_document_109_p04_r04_c3.png,scanned_document_109_p04,4,8ヶ月,32.9,空欄,空欄
scanned_document_109_p04_r04_c4.png,scanned_document_109_p04,4,1年,32.7,空欄,空欄
scanned_document_109_p04_r04_c5.png,scanned_document_109_p04,4,1年4ヶ月,31.5,空欄,空欄
scanned_document_109_p04_r04_c6.png,scanned_document_109_p04,4,1年8ヶ月,34.1,空欄,空欄
scanned_document_109_p04_r04_c7.png,scanned_document_109_p04,4,2年,34.7,空欄,空欄
scanned_document_109_p04_r05_c1.png,scanned_document_109_p04,5,2ヶ月,141.4,◎,○
scanned_document_109_p04_r05_c2.png,scanned_document_109_p04,5,4ヶ月,140.6,◎,在庫なし
scanned_document_109_p04_r05_c3.png,scanned_document_109_p04,5,8ヶ月,0.0,空欄,空欄
scanned_document_109_p04_r05_c4.png,scanned_document_109_p04,5,1年,0.0,空欄,空欄
scanned_document_109_p04_r05_c5.png,scanned_document_109_p04,5,1年4ヶ月,0.0,空欄,空欄
scanned_document_109_p04_r05_c6.png,scanned_document_109_p04,5,1年8ヶ月,0.0,空欄,空欄
scanned_document_109_p04_r05_c7.png,scanned_document_109_p04,5,2年,0.0,空欄,空欄
scanned_document_109_p04_r06_c1.png,scanned_document_109_p04,6,2ヶ月,184.0,◎,○
scanned_document_109_p04_r06_c2.png,scanned_document_109_p04,6,4ヶ月,171.3,◎,在庫なし
scanned_document_109_p04_r06_c3.png,scanned_document_109_p04,6,8ヶ月,32.6,空欄,空欄
scanned_document_109_p04_r06_c4.png,scanned_document_109_p04,6,1年,31.6,空欄,空欄
scanned_document_109_p04_r06_c5.png,scanned_document_109_p04,6,1年4ヶ月,33.7,空欄,空欄
scanned_document_109_p04_r06_c6.png,scanned_document_109_p04,6,1年8ヶ月,31.7,空欄,空欄
scanned_document_109_p04_r06_c7.png,scanned_document_109_p04,6,2年,36.1,空欄,空欄
scanned_document_109_p04_r07_c1.png,scanned_document_109_p04,7,2ヶ月,189.3,◎,○
scanned_document_109_p04_r07_c2.png,scanned_document_109_p04,7,4ヶ月,0.0,空欄,空欄
scanned_document_109_p04_r07_c3.png,scanned_document_109_p04,7,8ヶ月,0.0,空欄,空欄
scanned_document_109_p04_r07_c4.png,scanned_document_109_p04,7,1年,0.0,空欄,空欄
scanned_document_109_p04_r07_c5.png,scanned_document_109_p04,7,1年4ヶ月,0.0,空欄,空欄
scanned_document_109_p04_r07_c6.png,scanned_document_109_p04,7,1年8ヶ月,0.0,空欄,空欄
scanned_document_109_p04_r07_c7.png,scanned_document_109_p04,7,2年,0.0,空欄,空欄
scanned_document_109_p04_r08_c1.png,scanned_document_109_p04,8,2ヶ月,55.3,空欄,空欄
scanned_document_109_p04_r08_c2.png,scanned_document_109_p04,8,4ヶ月,34.5,空欄,空欄
scanned_document_109_p04_r08_c3.png,scanned_document_109_p04,8,8ヶ月,31.8,空欄,空欄
scanned_document_109_p04_r08_c4.png,scanned_document_109_p04,8,1年,29.3,空欄,空欄
scanned_document_109_p04_r08_c5.png,scanned_document_109_p04,8,1年4ヶ月,31.2,空欄,空欄
scanned_document_109_p04_r08_c6.png,scanned_document_109_p04,8,1年8ヶ月,31.5,空欄,空欄
scanned_document_109_p04_r08_c7.png,scanned_document_109_p04,8,2年,32.8,空欄,空欄
scanned_document_109_p04_r09_c1.png,scanned_document_109_p04,9,2ヶ月,145.6,—,—
scanned_document_109_p04_r09_c2.png,scanned_document_109_p04,9,4ヶ月,187.7,◎,○
scanned_document_109_p04_r09_c3.png,scanned_document_109_p04,9,8ヶ月,0.0,空欄,空欄
scanned_document_109_p04_r09_c4.png,scanned_document_109_p04,9,1年,0.0,空欄,空欄
scanned_document_109_p04_r09_c5.png,scanned_document_109_p04,9,1年4ヶ月,37.0,空欄,空欄
scanned_document_109_p04_r09_c6.png,scanned_document_109_p04,9,1年8ヶ月,0.0,空欄,空欄
scanned_document_109_p04_r09_c7.png,scanned_document_109_p04,9,2年,0.0,空欄,空欄
scanned_document_109_p04_r10_c1.png,scanned_document_109_p04,10,2ヶ月,131.7,—,空欄
scanned_document_109_p04_r10_c2.png,scanned_document_109_p04,10,4ヶ月,34.3,空欄,空欄
scanned_document_109_p04_r10_c3.png,scanned_document_109_p04,10,8ヶ月,33.4,空欄,空欄
scanned_document_109_p04_r10_c4.png,scanned_document_109_p04,10,1年,32.9,空欄,空欄
scanned_document_109_p04_r10_c5.png,scanned_document_109_p04,10,1年4ヶ月,32.8,空欄,空欄
scanned_document_109_p04_r10_c6.png,scanned_document_109_p04,10,1年8ヶ月,33.7,空欄,空欄
scanned_document_109_p04_r10_c7.png,scanned_document_109_p04,10,2年,32.1,空欄,空欄
scanned_document_109_p04_r11_c1.png,scanned_document_109_p04,11,2ヶ月,145.9,—,—
scanned_document_109_p04_r11_c2.png,scanned_document_109_p04,11,4ヶ月,0.0,空欄,空欄
scanned_document_109_p04_r11_c3.png,scanned_document_109_p04,11,8ヶ月,0.0,空欄,空欄
scanned_document_109_p04_r11_c4.png,scanned_document_109_p04,11,1年,0.0,空欄,空欄
scanned_document_109_p04_r11_c5.png,scanned_document_109_p04,11,1年4ヶ月,0.0,空欄,空欄
scanned_document_109_p04_r11_c6.png,scanned_document_109_p04,11,1年8ヶ月,0.0,空欄,空欄
scanned_document_109_p04_r11_c7.png,scanned_document_109_p04,11,2年,0.0,空欄,空欄
scanned_document_109_p04_r12_c1.png,scanned_document_109_p04,12,2ヶ月,151.4,—,—
scanned_document_109_p04_r12_c2.png,scanned_document_109_p04,12,4ヶ月,30.7,空欄,空欄
scanned_document_109_p04_r12_c3.png,scanned_document_109_p04,12,8ヶ月,28.7,空欄,空欄
scanned_document_109_p04_r12_c4.png,scanned_document_109_p04,12,1年,0.0,空欄,空欄
scanned_document_109_p04_r12_c5.png,scanned_document_109_p04,12,1年4ヶ月,29.5,空欄,空欄
scanned_document_109_p04_r12_c6.png,scanned_document_109_p04,12,1年8ヶ月,33.9,空欄,空欄
scanned_document_109_p04_r12_c7.png,scanned_document_109_p04,12,2年,33.2,空欄,空欄
scanned_document_109_p04_r13_c1.png,scanned_document_109_p04,13,2ヶ月,139.3,—,—
scanned_document_109_p04_r13_c2.png,scanned_document_109_p04,13,4ヶ月,143.6,◎,○
scanned_document_109_p04_r13_c3.png,scanned_document_109_p04,13,8ヶ月,144.3,◎,○
scanned_document_109_p04_r13_c4.png,scanned_document_109_p04,13,1年,191.0,◎,○
scanned_document_109_p04_r13_c5.png,scanned_document_109_p04,13,1年4ヶ月,0.0,空欄,空欄
scanned_document_109_p04_r13_c6.png,scanned_document_109_p04,13,1年8ヶ月,0.0,空欄,空欄
scanned_document_109_p04_r13_c7.png,scanned_document_109_p04,13,2年,0.0,空欄,空欄
scanned_document_109_p04_r14_c1.png,scanned_document_109_p04,14,2ヶ月,143.8,×,—
scanned_document_109_p04_r14_c2.png,scanned_document_109_p04,14,4ヶ月,142.7,◎,○
scanned_document_109_p04_r14_c3.png,scanned_document_109_p04,14,8ヶ月,141.1,◎,○
scanned_document_109_p04_r14_c4.png,scanned_document_109_p04,14,1年,0.0,空欄,空欄
scanned_document_109_p04_r14_c5.png,scanned_document_109_p04,14,1年4ヶ月,31.5,空欄,空欄
scanned_document_109_p04_r14_c6.png,scanned_document_109_p04,14,1年8ヶ月,30.9,空欄,空欄
scanned_document_109_p04_r14_c7.png,scanned_document_109_p04,14,2年,31.3,空欄,空欄
scanned_document_109_p04_r15_c1.png,scanned_document_109_p04,15,2ヶ月,153.0,—,—
scanned_document_109_p04_r15_c2.png,scanned_document_109_p04,15,4ヶ月,147.4,×,×
scanned_document_109_p04_r15_c3.png,scanned_document_109_p04,15,8ヶ月,0.0,空欄,空欄
scanned_document_109_p04_r15_c4.png,scanned_document_109_p04,15,1年,0.0,空欄,空欄
scanned_document_109_p04_r15_c5.png,scanned_document_109_p04,15,1年4ヶ月,0.0,空欄,空欄
scanned_document_109_p04_r15_c6.png,scanned_document_109_p04,15,1年8ヶ月,0.0,空欄,空欄
scanned_document_109_p04_r15_c7.png,scanned_document_109_p04,15,2年,0.0,空欄,空欄
scanned_document_109_p04_r16_c1.png,scanned_document_109_p04,16,2ヶ月,148.3,—,—
scanned_document_109_p04_r16_c2.png,scanned_document_109_p04,16,4ヶ月,143.4,◎,○
scanned_document_109_p04_r16_c3.png,scanned_document_109_p04,16,8ヶ月,32.2,空欄,空欄
scanned_document_109_p04_r16_c4.png,scanned_document_109_p04,16,1年,31.9,空欄,空欄
scanned_document_109_p04_r16_c5.png,scanned_document_109_p04,16,1年4ヶ月,36.0,空欄,空欄
scanned_document_109_p04_r16_c6.png,scanned_document_109_p04,16,1年8ヶ月,33.0,空欄,空欄
scanned_document_109_p04_r16_c7.png,scanned_document_109_p04,16,2年,32.5,空欄,空欄
scanned_document_109_p04_r17_c1.png,scanned_document_109_p04,17,2ヶ月,136.2,—,—
scanned_document_109_p04_r17_c2.png,scanned_document_109_p04,17,4ヶ月,190.1,◎,○
scanned_document_109_p04_r17_c3.png,scanned_document_109_p04,17,8ヶ月,0.0,空欄,空欄
scanned_document_109_p04_r17_c4.png,scanned_document_109_p04,17,1年,0.0,空欄,空欄
scanned_document_109_p04_r17_c5.png,scanned_document_109_p04,17,1年4ヶ月,0.0,空欄,空欄
scanned_document_109_p04_r17_c6.png,scanned_document_109_p04,17,1年8ヶ月,0.0,空欄,空欄
scanned_document_109_p04_r17_c7.png,scanned_document_109_p04,17,2年,0.0,空欄,空欄
scanned_document_109_p04_r18_c1.png,scanned_document_109_p04,18,2ヶ月,149.9,×,—
scanned_document_109_p04_r18_c2.png,scanned_document_109_p04,18,4ヶ月,187.6,◎,○
scanned_document_109_p04_r18_c3.png,scanned_document_109_p04,18,8ヶ月,173.6,◎,在庫なし
scanned_document_109_p04_r18_c4.png,scanned_document_109_p04,18,1年,0.0,空欄,空欄
scanned_document_109_p04_r18_c5.png,scanned_document_109_p04,18,1年4ヶ月,0.0,空欄,空欄
scanned_document_109_p04_r18_c6.png,scanned_document_109_p04,18,1年8ヶ月,34.0,空欄,空欄
scanned_document_109_p04_r18_c7.png,scanned_document_109_p04,18,2年,28.0,空欄,空欄
scanned_document_109_p04_r19_c1.png,scanned_document_109_p04,19,2ヶ月,144.1,—,—
scanned_document_109_p04_r19_c2.png,scanned_document_109_p04,19,4ヶ月,0.0,空欄,空欄
scanned_document_109_p04_r19_c3.png,scanned_document_109_p04,19,8ヶ月,0.0,空欄,空欄
scanned_document_109_p04_r19_c4.png,scanned_document_109_p04,19,1年,0.0,空欄,空欄
scanned_document_109_p04_r19_c5.png,scanned_document_109_p04,19,1年4ヶ月,0.0,空欄,空欄
scanned_document_109_p04_r19_c6.png,scanned_document_109_p04,19,1年8ヶ月,0.0,空欄,空欄
scanned_document_109_p04_r19_c7.png,scanned_document_109_p04,19,2年,0.0,空欄,空欄
scanned_document_109_p04_r20_c1.png,scanned_document_109_p04,20,2ヶ月,140.1,—,—
scanned_document_109_p04_r20_c2.png,scanned_document_109_p04,20,4ヶ月,28.0,空欄,空欄
scanned_document_109_p04_r20_c3.png,scanned_document_109_p04,20,8ヶ月,28.0,空欄,空欄
scanned_document_109_p04_r20_c4.png,scanned_document_109_p04,20,1年,0.0,空欄,空欄
scanned_document_109_p04_r20_c5.png,scanned_document_109_p04,20,1年4ヶ月,0.0,空欄,空欄
scanned_document_109_p04_r20_c6.png,scanned_document_109_p04,20,1年8ヶ月,35.0,空欄,空欄
scanned_document_109_p04_r20_c7.png,scanned_document_109_p04,20,2年,33.4,空欄,空欄
scanned_document_109_p04_r21_c1.png,scanned_document_109_p04,21,2ヶ月,142.3,×,—
scanned_document_109_p04_r21_c2.png,scanned_document_109_p04,21,4ヶ月,0.0,空欄,空欄
scanned_document_109_p04_r21_c3.png,scanned_document_109_p04,21,8ヶ月,0.0,空欄,空欄
scanned_document_109_p04_r21_c4.png,scanned_document_109_p04,21,1年,0.0,空欄,空欄
scanned_document_109_p04_r21_c5.png,scanned_document_109_p04,21,1年4ヶ月,0.0,空欄,空欄
scanned_document_109_p04_r21_c6.png,scanned_document_109_p04,21,1年8ヶ月,0.0,空欄,空欄
scanned_document_109_p04_r21_c7.png,scanned_document_109_p04,21,2年,0.0,空欄,空欄
scanned_document_109_p04_r22_c1.png,scanned_document_109_p04,22,2ヶ月,149.6,—,空欄
scanned_document_109_p04_r22_c2.png,scanned_document_109_p04,22,4ヶ月,140.9,◎,○
scanned_document_109_p04_r22_c3.png,scanned_document_109_p04,22,8ヶ月,143.7,◎,○
scanned_document_109_p04_r22_c4.png,scanned_document_109_p04,22,1年,31.7,空欄,空欄
scanned_document_109_p04_r22_c5.png,scanned_document_109_p04,22,1年4ヶ月,31.5,空欄,空欄
scanned_document_109_p04_r22_c6.png,scanned_document_109_p04,22,1年8ヶ月,34.0,空欄,空欄
scanned_document_109_p04_r22_c7.png,scanned_document_109_p04,22,2年,34.9,空欄,空欄
scanned_document_109_p04_r23_c1.png,scanned_document_109_p04,23,2ヶ月,139.0,×,—
scanned_document_109_p04_r23_c2.png,scanned_document_109_p04,23,4ヶ月,0.0,空欄,空欄
scanned_document_109_p04_r23_c3.png,scanned_document_109_p04,23,8ヶ月,0.0,空欄,空欄
scanned_document_109_p04_r23_c4.png,scanned_document_109_p04,23,1年,0.0,空欄,空欄
scanned_document_109_p04_r23_c5.png,scanned_document_109_p04,23,1年4ヶ月,0.0,空欄,空欄
scanned_document_109_p04_r23_c6.png,scanned_document_109_p04,23,1年8ヶ月,0.0,空欄,空欄
scanned_document_109_p04_r23_c7.png,scanned_document_109_p04,23,2年,0.0,空欄,空欄
scanned_document_109_p04_r24_c1.png,scanned_document_109_p04,24,2ヶ月,144.2,×,×
scanned_document_109_p04_r24_c2.png,scanned_document_109_p04,24,4ヶ月,143.6,◎,在庫なし
scanned_document_109_p04_r24_c3.png,scanned_document_109_p04,24,8ヶ月,35.0,空欄,空欄
scanned_document_109_p04_r24_c4.png,scanned_document_109_p04,24,1年,31.8,空欄,空欄
scanned_document_109_p04_r24_c5.png,scanned_document_109_p04,24,1年4ヶ月,29.2,空欄,空欄
scanned_document_109_p04_r24_c6.png,scanned_document_109_p04,24,1年8ヶ月,31.0,空欄,空欄
scanned_document_109_p04_r24_c7.png,scanned_document_109_p04,24,2年,41.4,空欄,空欄
scanned_document_109_p04_r25_c1.png,scanned_document_109_p04,25,2ヶ月,145.9,◎,—
scanned_document_109_p04_r25_c2.png,scanned_document_109_p04,25,4ヶ月,141.8,◎,在庫なし
scanned_document_109_p04_r25_c3.png,scanned_document_109_p04,25,8ヶ月,0.0,空欄,空欄
scanned_document_109_p04_r25_c4.png,scanned_document_109_p04,25,1年,0.0,空欄,空欄
scanned_document_109_p04_r25_c5.png,scanned_document_109_p04,25,1年4ヶ月,0.0,空欄,空欄
scanned_document_109_p04_r25_c6.png,scanned_document_109_p04,25,1年8ヶ月,0.0,空欄,空欄
scanned_document_109_p04_r25_c7.png,scanned_document_109_p04,25,2年,0.0,空欄,空欄
scanned_document_109_p04_r26_c1.png,scanned_document_109_p04,26,2ヶ月,140.8,×,×
scanned_document_109_p04_r26_c2.png,scanned_document_109_p04,26,4ヶ月,140.2,◎,在庫なし
scanned_document_109_p04_r26_c3.png,scanned_document_109_p04,26,8ヶ月,37.2,空欄,×
scanned_document_109_p04_r26_c4.png,scanned_document_109_p04,26,1年,36.6,空欄,空欄
scanned_document_109_p04_r26_c5.png,scanned_document_109_p04,26,1年4ヶ月,35.5,空欄,空欄
scanned_document_109_p04_r26_c6.png,scanned_document_109_p04,26,1年8ヶ月,33.0,空欄,空欄
scanned_document_109_p04_r26_c7.png,scanned_document_109_p04,26,2年,35.1,空欄,空欄
scanned_document_109_p04_r27_c1.png,scanned_document_109_p04,27,2ヶ月,190.4,◎,○
scanned_document_109_p04_r27_c2.png,scanned_document_109_p04,27,4ヶ月,0.0,空欄,空欄
scanned_document_109_p04_r27_c3.png,scanned_document_109_p04,27,8ヶ月,0.0,空欄,空欄
scanned_document_109_p04_r27_c4.png,scanned_document_109_p04,27,1年,0.0,空欄,空欄
scanned_document_109_p04_r27_c5.png,scanned_document_109_p04,27,1年4ヶ月,0.0,空欄,空欄
scanned_document_109_p04_r27_c6.png,scanned_document_109_p04,27,1年8ヶ月,0.0,空欄,空欄
scanned_document_109_p04_r27_c7.png,scanned_document_109_p04,27,2年,0.0,空欄,空欄
scanned_document_109_p04_r28_c1.png,scanned_document_109_p04,28,2ヶ月,34.7,空欄,空欄
scanned_document_109_p04_r28_c2.png,scanned_document_109_p04,28,4ヶ月,40.5,空欄,空欄
scanned_document_109_p04_r28_c3.png,scanned_document_109_p04,28,8ヶ月,36.6,空欄,空欄
scanned_document_109_p04_r28_c4.png,scanned_document_109_p04,28,1年,30.6,空欄,空欄
scanned_document_109_p04_r28_c5.png,scanned_document_109_p04,28,1年4ヶ月,37.6,空欄,空欄
scanned_document_109_p04_r28_c6.png,scanned_document_109_p04,28,1年8ヶ月,34.3,空欄,空欄
scanned_document_109_p04_r28_c7.png,scanned_document_109_p04,28,2年,32.7,空欄,空欄
scanned_document_109_p04_r29_c1.png,scanned_document_109_p04,29,2ヶ月,142.8,—,—
scanned_document_109_p04_r29_c2.png,scanned_document_109_p04,29,4ヶ月,149.7,◎,○
scanned_document_109_p04_r29_c3.png,scanned_document_109_p04,29,8ヶ月,191.5,◎,○
scanned_document_109_p04_r29_c4.png,scanned_document_109_p04,29,1年,0.0,空欄,空欄
scanned_document_109_p04_r29_c5.png,scanned_document_109_p04,29,1年4ヶ月,0.0,空欄,空欄
scanned_document_109_p04_r29_c6.png,scanned_document_109_p04,29,1年8ヶ月,0.0,空欄,空欄
scanned_document_109_p04_r29_c7.png,scanned_document_109_p04,29,2年,0.0,空欄,空欄
scanned_document_109_p04_r30_c1.png,scanned_document_109_p04,30,2ヶ月,125.9,×,空欄
scanned_document_109_p04_r30_c2.png,scanned_document_109_p04,30,4ヶ月,141.5,◎,○
scanned_document_109_p04_r30_c3.png,scanned_document_109_p04,30,8ヶ月,33.0,空欄,空欄
scanned_document_109_p04_r30_c4.png,scanned_document_109_p04,30,1年,41.7,空欄,空欄
scanned_document_109_p04_r30_c5.png,scanned_document_109_p04,30,1年4ヶ月,40.8,空欄,空欄
scanned_document_109_p04_r30_c6.png,scanned_document_109_p04,30,1年8ヶ月,34.7,空欄,空欄
scanned_document_109_p04_r30_c7.png,scanned_document_109_p04,30,2年,34.1,空欄,空欄
scanned_document_109_p04_r31_c1.png,scanned_document_109_p04,31,2ヶ月,137.8,×,—
scanned_document_109_p04_r31_c2.png,scanned_document_109_p04,31,4ヶ月,146.0,◎,○
scanned_document_109_p04_r31_c3.png,scanned_document_109_p04,31,8ヶ月,0.0,空欄,空欄
scanned_document_109_p04_r31_c4.png,scanned_document_109_p04,31,1年,0.0,空欄,空欄
scanned_document_109_p04_r31_c5.png,scanned_document_109_p04,31,1年4ヶ月,0.0,空欄,空欄
scanned_document_109_p04_r31_c6.png,scanned_document_109_p04,31,1年8ヶ月,0.0,空欄,空欄
scanned_document_109_p04_r31_c7.png,scanned_document_109_p04,31,2年,0.0,空欄,空欄
scanned_document_109_p04_r32_c1.png,scanned_document_109_p04,32,2ヶ月,112.0,×,空欄
scanned_document_109_p04_r32_c2.png,scanned_document_109_p04,32,4ヶ月,185.7,◎,○
scanned_document_109_p04_r32_c3.png,scanned_document_109_p04,32,8ヶ月,37.5,空欄,空欄
scanned_document_109_p04_r32_c4.png,scanned_document_109_p04,32,1年,30.3,空欄,空欄
scanned_document_109_p04_r32_c5.png,scanned_document_109_p04,32,1年4ヶ月,39.5,空欄,空欄
scanned_document_109_p04_r32_c6.png,scanned_document_109_p04,32,1年8ヶ月,34.3,空欄,空欄
scanned_document_109_p04_r32_c7.png,scanned_document_109_p04,32,2年,33.5,空欄,空欄
scanned_document_109_p04_r33_c1.png,scanned_document_109_p04,33,2ヶ月,131.7,×,—
scanned_document_109_p04_r33_c2.png,scanned_document_109_p04,33,4ヶ月,0.0,空欄,空欄
scanned_document_109_p04_r33_c3.png,scanned_document_109_p04,33,8ヶ月,0.0,空欄,空欄
scanned_document_109_p04_r33_c4.png,scanned_document_109_p04,33,1年,0.0,空欄,空欄
scanned_document_109_p04_r33_c5.png,scanned_document_109_p04,33,1年4ヶ月,0.0,空欄,空欄
scanned_document_109_p04_r33_c6.png,scanned_document_109_p04,33,1年8ヶ月,0.0,空欄,空欄
scanned_document_109_p04_r33_c7.png,scanned_document_109_p04,33,2年,0.0,空欄,空欄
scanned_document_109_p04_r34_c1.png,scanned_document_109_p04,34,2ヶ月,127.4,—,空欄
scanned_document_109_p04_r34_c2.png,scanned_document_109_p04,34,4ヶ月,36.0,空欄,空欄
scanned_document_109_p04_r34_c3.png,scanned_document_109_p04,34,8ヶ月,33.8,空欄,空欄
scanned_document_109_p04_r34_c4.png,scanned_document_109_p04,34,1年,35.5,空欄,空欄
scanned_document_109_p04_r34_c5.png,scanned_document_109_p04,34,1年4ヶ月,33.6,空欄,空欄
scanned_document_109_p04_r34_c6.png,scanned_document_109_p04,34,1年8ヶ月,33.4,空欄,空欄
scanned_document_109_p04_r34_c7.png,scanned_document_109_p04,34,2年,33.1,空欄,空欄
scanned_document_109_p04_r35_c1.png,scanned_document_109_p04,35,2ヶ月,135.4,—,—
scanned_document_109_p04_r35_c2.png,scanned_document_109_p04,35,4ヶ月,0.0,空欄,空欄
scanned_document_109_p04_r35_c3.png,scanned_document_109_p04,35,8ヶ月,0.0,空欄,空欄
scanned_document_109_p04_r35_c4.png,scanned_document_109_p04,35,1年,0.0,空欄,空欄
scanned_document_109_p04_r35_c5.png,scanned_document_109_p04,35,1年4ヶ月,0.0,空欄,空欄
scanned_document_109_p04_r35_c6.png,scanned_document_109_p04,35,1年8ヶ月,0.0,空欄,空欄
scanned_document_109_p04_r35_c7.png,scanned_document_109_p04,35,2年,0.0,空欄,空欄
scanned_document_109_p04_r36_c1.png,scanned_document_109_p04,36,2ヶ月,138.9,—,—
scanned_document_109_p04_r36_c2.png,scanned_document_109_p04,36,4ヶ月,137.6,◎,○
scanned_document_109_p04_r36_c3.png,scanned_document_109_p04,36,8ヶ月,144.2,◎,○
scanned_document_109_p04_r36_c4.png,scanned_document_109_p04,36,1年,31.8,空欄,空欄
scanned_document_109_p04_r36_c5.png,scanned_document_109_p04,36,1年4ヶ月,0.0,空欄,空欄
scanned_document_109_p04_r36_c6.png,scanned_document_109_p04,36,1年8ヶ月,33.7,空欄,空欄
scanned_document_109_p04_r36_c7.png,scanned_document_109_p04,36,2年,31.0,空欄,空欄
scanned_document_109_p04_r37_c1.png,scanned_document_109_p04,37,2ヶ月,153.8,—,—
scanned_document_109_p04_r37_c2.png,scanned_document_109_p04,37,4ヶ月,0.0,空欄,空欄
scanned_document_109_p04_r37_c3.png,scanned_document_109_p04,37,8ヶ月,0.0,空欄,空欄
scanned_document_109_p04_r37_c4.png,scanned_document_109_p04,37,1年,0.0,空欄,空欄
scanned_document_109_p04_r37_c5.png,scanned_document_109_p04,37,1年4ヶ月,0.0,空欄,空欄
scanned_document_109_p04_r37_c6.png,scanned_document_109_p04,37,1年8ヶ月,0.0,空欄,空欄
scanned_document_109_p04_r37_c7.png,scanned_document_109_p04,37,2年,28.0,空欄,空欄
scanned_document_109_p04_r38_c1.png,scanned_document_109_p04,38,2ヶ月,139.4,×,—
scanned_document_109_p04_r38_c2.png,scanned_document_109_p04,38,4ヶ月,32.9,空欄,空欄
scanned_document_109_p04_r38_c3.png,scanned_document_109_p04,38,8ヶ月,32.7,空欄,空欄
scanned_document_109_p04_r38_c4.png,scanned_document_109_p04,38,1年,33.7,空欄,空欄
scanned_document_109_p04_r38_c5.png,scanned_document_109_p04,38,1年4ヶ月,34.7,空欄,空欄
scanned_document_109_p04_r38_c6.png,scanned_document_109_p04,38,1年8ヶ月,32.8,空欄,空欄
scanned_document_109_p04_r38_c7.png,scanned_document_109_p04,38,2年,33.0,空欄,空欄
scanned_document_109_p05_r01_c1.png,scanned_document_109_p05,1,2ヶ月,0.0,空欄,
scanned_document_109_p05_r01_c2.png,scanned_document_109_p05,1,4ヶ月,0.0,空欄,
scanned_document_109_p05_r01_c3.png,scanned_document_109_p05,1,8ヶ月,0.0,空欄,
scanned_document_109_p05_r01_c4.png,scanned_document_109_p05,1,1年,175.6,◎,
scanned_document_109_p05_r01_c5.png,scanned_document_109_p05,1,1年4ヶ月,0.0,空欄,
scanned_document_109_p05_r01_c6.png,scanned_document_109_p05,1,1年8ヶ月,0.0,空欄,
scanned_document_109_p05_r01_c7.png,scanned_document_109_p05,1,2年,0.0,空欄,
scanned_document_109_p05_r02_c1.png,scanned_document_109_p05,2,2ヶ月,170.5,◎,
scanned_document_109_p05_r02_c2.png,scanned_document_109_p05,2,4ヶ月,170.3,◎,
scanned_document_109_p05_r02_c3.png,scanned_document_109_p05,2,8ヶ月,173.8,◎,
scanned_document_109_p05_r02_c4.png,scanned_document_109_p05,2,1年,172.4,◎,
scanned_document_109_p05_r02_c5.png,scanned_document_109_p05,2,1年4ヶ月,172.3,◎,
scanned_document_109_p05_r02_c6.png,scanned_document_109_p05,2,1年8ヶ月,171.1,◎,
scanned_document_109_p05_r02_c7.png,scanned_document_109_p05,2,2年,171.6,◎,
scanned_document_109_p05_r03_c1.png,scanned_document_109_p05,3,2ヶ月,145.9,×,×
scanned_document_109_p05_r03_c2.png,scanned_document_109_p05,3,4ヶ月,134.5,◎,在庫なし
scanned_document_109_p05_r03_c3.png,scanned_document_109_p05,3,8ヶ月,30.0,空欄,空欄
scanned_document_109_p05_r03_c4.png,scanned_document_109_p05,3,1年,29.0,空欄,空欄
scanned_document_109_p05_r03_c5.png,scanned_document_109_p05,3,1年4ヶ月,29.8,空欄,空欄
scanned_document_109_p05_r03_c6.png,scanned_document_109_p05,3,1年8ヶ月,29.5,空欄,空欄
scanned_document_109_p05_r03_c7.png,scanned_document_109_p05,3,2年,0.0,空欄,空欄
scanned_document_109_p05_r04_c1.png,scanned_document_109_p05,4,2ヶ月,139.8,×,×
scanned_document_109_p05_r04_c2.png,scanned_document_109_p05,4,4ヶ月,137.6,◎,在庫なし
scanned_document_109_p05_r04_c3.png,scanned_document_109_p05,4,8ヶ月,32.8,空欄,空欄
scanned_document_109_p05_r04_c4.png,scanned_document_109_p05,4,1年,31.6,空欄,空欄
scanned_document_109_p05_r04_c5.png,scanned_document_109_p05,4,1年4ヶ月,30.2,空欄,空欄
scanned_document_109_p05_r04_c6.png,scanned_document_109_p05,4,1年8ヶ月,30.4,空欄,空欄
scanned_document_109_p05_r04_c7.png,scanned_document_109_p05,4,2年,30.6,空欄,空欄
scanned_document_109_p05_r05_c1.png,scanned_document_109_p05,5,2ヶ月,189.2,◎,○
scanned_document_109_p05_r05_c2.png,scanned_document_109_p05,5,4ヶ月,168.6,◎,在庫なし
scanned_document_109_p05_r05_c3.png,scanned_document_109_p05,5,8ヶ月,29.0,空欄,空欄
scanned_document_109_p05_r05_c4.png,scanned_document_109_p05,5,1年,31.3,空欄,空欄
scanned_document_109_p05_r05_c5.png,scanned_document_109_p05,5,1年4ヶ月,29.9,空欄,空欄
scanned_document_109_p05_r05_c6.png,scanned_document_109_p05,5,1年8ヶ月,36.8,空欄,空欄
scanned_document_109_p05_r05_c7.png,scanned_document_109_p05,5,2年,28.0,空欄,空欄
scanned_document_109_p05_r06_c1.png,scanned_document_109_p05,6,2ヶ月,35.1,空欄,空欄
scanned_document_109_p05_r06_c2.png,scanned_document_109_p05,6,4ヶ月,35.5,空欄,空欄
scanned_document_109_p05_r06_c3.png,scanned_document_109_p05,6,8ヶ月,0.0,空欄,空欄
scanned_document_109_p05_r06_c4.png,scanned_document_109_p05,6,1年,29.1,空欄,空欄
scanned_document_109_p05_r06_c5.png,scanned_document_109_p05,6,1年4ヶ月,30.7,空欄,空欄
scanned_document_109_p05_r06_c6.png,scanned_document_109_p05,6,1年8ヶ月,29.6,空欄,空欄
scanned_document_109_p05_r06_c7.png,scanned_document_109_p05,6,2年,32.5,空欄,空欄
scanned_document_109_p05_r07_c1.png,scanned_document_109_p05,7,2ヶ月,0.0,空欄,空欄
scanned_document_109_p05_r07_c2.png,scanned_document_109_p05,7,4ヶ月,29.6,空欄,空欄
scanned_document_109_p05_r07_c3.png,scanned_document_109_p05,7,8ヶ月,30.5,空欄,空欄
scanned_document_109_p05_r07_c4.png,scanned_document_109_p05,7,1年,30.0,空欄,空欄
scanned_document_109_p05_r07_c5.png,scanned_document_109_p05,7,1年4ヶ月,33.6,空欄,空欄
scanned_document_109_p05_r07_c6.png,scanned_document_109_p05,7,1年8ヶ月,28.0,空欄,空欄
scanned_document_109_p05_r07_c7.png,scanned_document_109_p05,7,2年,0.0,空欄,空欄
scanned_document_109_p05_r08_c1.png,scanned_document_109_p05,8,2ヶ月,35.0,空欄,空欄
scanned_document_109_p05_r08_c2.png,scanned_document_109_p05,8,4ヶ月,30.2,空欄,空欄
scanned_document_109_p05_r08_c3.png,scanned_document_109_p05,8,8ヶ月,29.7,空欄,空欄
scanned_document_109_p05_r08_c4.png,scanned_document_109_p05,8,1年,32.5,空欄,空欄
scanned_document_109_p05_r08_c5.png,scanned_document_109_p05,8,1年4ヶ月,30.2,空欄,空欄
scanned_document_109_p05_r08_c6.png,scanned_document_109_p05,8,1年8ヶ月,0.0,空欄,空欄
scanned_document_109_p05_r08_c7.png,scanned_document_109_p05,8,2年,0.0,空欄,空欄
scanned_document_109_p05_r09_c1.png,scanned_document_109_p05,9,2ヶ月,131.1,—,—
scanned_document_109_p05_r09_c2.png,scanned_document_109_p05,9,4ヶ月,0.0,空欄,空欄
scanned_document_109_p05_r09_c3.png,scanned_document_109_p05,9,8ヶ月,0.0,空欄,空欄
scanned_document_109_p05_r09_c4.png,scanned_document_109_p05,9,1年,29.0,空欄,空欄
scanned_document_109_p05_r09_c5.png,scanned_document_109_p05,9,1年4ヶ月,30.2,空欄,空欄
scanned_document_109_p05_r09_c6.png,scanned_document_109_p05,9,1年8ヶ月,30.0,空欄,空欄
scanned_document_109_p05_r09_c7.png,scanned_document_109_p05,9,2年,0.0,空欄,空欄
scanned_document_109_p05_r10_c1.png,scanned_document_109_p05,10,2ヶ月,160.1,—,—
scanned_document_109_p05_r10_c2.png,scanned_document_109_p05,10,4ヶ月,34.6,空欄,空欄
scanned_document_109_p05_r10_c3.png,scanned_document_109_p05,10,8ヶ月,0.0,空欄,空欄
scanned_document_109_p05_r10_c4.png,scanned_document_109_p05,10,1年,0.0,空欄,空欄
scanned_document_109_p05_r10_c5.png,scanned_document_109_p05,10,1年4ヶ月,32.0,空欄,空欄
scanned_document_109_p05_r10_c6.png,scanned_document_109_p05,10,1年8ヶ月,29.6,空欄,空欄
scanned_document_109_p05_r10_c7.png,scanned_document_109_p05,10,2年,32.0,空欄,空欄
scanned_document_109_p05_r11_c1.png,scanned_document_109_p05,11,2ヶ月,144.4,×,—
scanned_document_109_p05_r11_c2.png,scanned_document_109_p05,11,4ヶ月,0.0,空欄,空欄
scanned_document_109_p05_r11_c3.png,scanned_document_109_p05,11,8ヶ月,29.0,空欄,空欄
scanned_document_109_p05_r11_c4.png,scanned_document_109_p05,11,1年,28.0,空欄,空欄
scanned_document_109_p05_r11_c5.png,scanned_document_109_p05,11,1年4ヶ月,29.0,空欄,空欄
scanned_document_109_p05_r11_c6.png,scanned_document_109_p05,11,1年8ヶ月,30.9,空欄,空欄
scanned_document_109_p05_r11_c7.png,scanned_document_109_p05,11,2年,0.0,空欄,空欄
scanned_document_109_p05_r12_c1.png,scanned_document_109_p05,12,2ヶ月,137.3,—,—
scanned_document_109_p05_r12_c2.png,scanned_document_109_p05,12,4ヶ月,31.0,空欄,空欄
scanned_document_109_p05_r12_c3.png,scanned_document_109_p05,12,8ヶ月,31.9,空欄,空欄
scanned_document_109_p05_r12_c4.png,scanned_document_109_p05,12,1年,28.0,空欄,空欄
scanned_document_109_p05_r12_c5.png,scanned_document_109_p05,12,1年4ヶ月,29.0,空欄,空欄
scanned_document_109_p05_r12_c6.png,scanned_document_109_p05,12,1年8ヶ月,29.9,空欄,空欄
scanned_document_109_p05_r12_c7.png,scanned_document_109_p05,12,2年,30.5,空欄,空欄
scanned_document_109_p05_r13_c1.png,scanned_document_109_p05,13,2ヶ月,135.2,—,—
scanned_document_109_p05_r13_c2.png,scanned_document_109_p05,13,4ヶ月,139.4,◎,○
scanned_document_109_p05_r13_c3.png,scanned_document_109_p05,13,8ヶ月,139.0,◎,○
scanned_document_109_p05_r13_c4.png,scanned_document_109_p05,13,1年,30.0,空欄,空欄
scanned_document_109_p05_r13_c5.png,scanned_document_109_p05,13,1年4ヶ月,29.2,空欄,空欄
scanned_document_109_p05_r13_c6.png,scanned_document_109_p05,13,1年8ヶ月,28.8,空欄,空欄
scanned_document_109_p05_r13_c7.png,scanned_document_109_p05,13,2年,0.0,空欄,空欄
scanned_document_109_p05_r14_c1.png,scanned_document_109_p05,14,2ヶ月,130.9,—,空欄
scanned_document_109_p05_r14_c2.png,scanned_document_109_p05,14,4ヶ月,144.3,×,○
scanned_document_109_p05_r14_c3.png,scanned_document_109_p05,14,8ヶ月,139.5,◎,○
scanned_document_109_p05_r14_c4.png,scanned_document_109_p05,14,1年,0.0,空欄,空欄
scanned_document_109_p05_r14_c5.png,scanned_document_109_p05,14,1年4ヶ月,28.7,空欄,空欄
scanned_document_109_p05_r14_c6.png,scanned_document_109_p05,14,1年8ヶ月,31.2,空欄,空欄
scanned_document_109_p05_r14_c7.png,scanned_document_109_p05,14,2年,30.5,空欄,空欄
scanned_document_109_p05_r15_c1.png,scanned_document_109_p05,15,2ヶ月,157.6,—,—
scanned_document_109_p05_r15_c2.png,scanned_document_109_p05,15,4ヶ月,139.3,◎,×
scanned_document_109_p05_r15_c3.png,scanned_document_109_p05,15,8ヶ月,0.0,空欄,空欄
scanned_document_109_p05_r15_c4.png,scanned_document_109_p05,15,1年,29.0,空欄,空欄
scanned_document_109_p05_r15_c5.png,scanned_document_109_p05,15,1年4ヶ月,28.0,空欄,空欄
scanned_document_109_p05_r15_c6.png,scanned_document_109_p05,15,1年8ヶ月,29.0,空欄,空欄
scanned_document_109_p05_r15_c7.png,scanned_document_109_p05,15,2年,32.0,空欄,空欄
scanned_document_109_p05_r16_c1.png,scanned_document_109_p05,16,2ヶ月,128.4,×,—
scanned_document_109_p05_r16_c2.png,scanned_document_109_p05,16,4ヶ月,141.4,◎,○
scanned_document_109_p05_r16_c3.png,scanned_document_109_p05,16,8ヶ月,0.0,空欄,空欄
scanned_document_109_p05_r16_c4.png,scanned_document_109_p05,16,1年,30.0,空欄,空欄
scanned_document_109_p05_r16_c5.png,scanned_document_109_p05,16,1年4ヶ月,32.5,空欄,空欄
scanned_document_109_p05_r16_c6.png,scanned_document_109_p05,16,1年8ヶ月,30.7,空欄,空欄
scanned_document_109_p05_r16_c7.png,scanned_document_109_p05,16,2年,29.4,空欄,空欄
scanned_document_109_p05_r17_c1.png,scanned_document_109_p05,17,2ヶ月,126.9,—,—
scanned_document_109_p05_r17_c2.png,scanned_document_109_p05,17,4ヶ月,0.0,空欄,空欄
scanned_document_109_p05_r17_c3.png,scanned_document_109_p05,17,8ヶ月,0.0,空欄,空欄
scanned_document_109_p05_r17_c4.png,scanned_document_109_p05,17,1年,0.0,空欄,空欄
scanned_document_109_p05_r17_c5.png,scanned_document_109_p05,17,1年4ヶ月,0.0,空欄,空欄
scanned_document_109_p05_r17_c6.png,scanned_document_109_p05,17,1年8ヶ月,37.5,空欄,空欄
scanned_document_109_p05_r17_c7.png,scanned_document_109_p05,17,2年,32.0,空欄,空欄
scanned_document_109_p05_r18_c1.png,scanned_document_109_p05,18,2ヶ月,141.0,×,—
scanned_document_109_p05_r18_c2.png,scanned_document_109_p05,18,4ヶ月,188.0,◎,○
scanned_document_109_p05_r18_c3.png,scanned_document_109_p05,18,8ヶ月,171.4,◎,在庫なし
scanned_document_109_p05_r18_c4.png,scanned_document_109_p05,18,1年,0.0,空欄,空欄
scanned_document_109_p05_r18_c5.png,scanned_document_109_p05,18,1年4ヶ月,0.0,空欄,空欄
scanned_document_109_p05_r18_c6.png,scanned_document_109_p05,18,1年8ヶ月,0.0,空欄,空欄
scanned_document_109_p05_r18_c7.png,scanned_document_109_p05,18,2年,0.0,空欄,空欄
scanned_document_109_p05_r19_c1.png,scanned_document_109_p05,19,2ヶ月,148.2,×,—
scanned_document_109_p05_r19_c2.png,scanned_document_109_p05,19,4ヶ月,29.3,空欄,空欄
scanned_document_109_p05_r19_c3.png,scanned_document_109_p05,19,8ヶ月,30.0,空欄,空欄
scanned_document_109_p05_r19_c4.png,scanned_document_109_p05,19,1年,32.0,空欄,空欄
scanned_document_109_p05_r19_c5.png,scanned_document_109_p05,19,1年4ヶ月,32.9,空欄,空欄
scanned_document_109_p05_r19_c6.png,scanned_document_109_p05,19,1年8ヶ月,34.8,空欄,空欄
scanned_document_109_p05_r19_c7.png,scanned_document_109_p05,19,2年,30.2,空欄,空欄
scanned_document_109_p05_r20_c1.png,scanned_document_109_p05,20,2ヶ月,142.5,—,—
scanned_document_109_p05_r20_c2.png,scanned_document_109_p05,20,4ヶ月,30.1,空欄,空欄
scanned_document_109_p05_r20_c3.png,scanned_document_109_p05,20,8ヶ月,30.3,空欄,空欄
scanned_document_109_p05_r20_c4.png,scanned_document_109_p05,20,1年,31.5,空欄,空欄
scanned_document_109_p05_r20_c5.png,scanned_document_109_p05,20,1年4ヶ月,30.1,空欄,空欄
scanned_document_109_p05_r20_c6.png,scanned_document_109_p05,20,1年8ヶ月,29.4,空欄,空欄
scanned_document_109_p05_r20_c7.png,scanned_document_109_p05,20,2年,0.0,空欄,空欄
scanned_document_109_p05_r21_c1.png,scanned_document_109_p05,21,2ヶ月,127.1,×,—
scanned_document_109_p05_r21_c2.png,scanned_document_109_p05,21,4ヶ月,32.3,空欄,空欄
scanned_document_109_p05_r21_c3.png,scanned_document_109_p05,21,8ヶ月,29.6,空欄,空欄
scanned_document_109_p05_r21_c4.png,scanned_document_109_p05,21,1年,28.5,空欄,空欄
scanned_document_109_p05_r21_c5.png,scanned_document_109_p05,21,1年4ヶ月,33.1,空欄,空欄
scanned_document_109_p05_r21_c6.png,scanned_document_109_p05,21,1年8ヶ月,28.5,空欄,空欄
scanned_document_109_p05_r21_c7.png,scanned_document_109_p05,21,2年,30.7,空欄,空欄
scanned_document_109_p05_r22_c1.png,scanned_document_109_p05,22,2ヶ月,141.9,—,—
scanned_document_109_p05_r22_c2.png,scanned_document_109_p05,22,4ヶ月,30.6,空欄,空欄
scanned_document_109_p05_r22_c3.png,scanned_document_109_p05,22,8ヶ月,29.4,空欄,空欄
scanned_document_109_p05_r22_c4.png,scanned_document_109_p05,22,1年,28.0,空欄,空欄
scanned_document_109_p05_r22_c5.png,scanned_document_109_p05,22,1年4ヶ月,32.3,空欄,空欄
scanned_document_109_p05_r22_c6.png,scanned_document_109_p05,22,1年8ヶ月,31.7,空欄,空欄
scanned_document_109_p05_r22_c7.png,scanned_document_109_p05,22,2年,33.4,空欄,空欄
scanned_document_109_p05_r23_c1.png,scanned_document_109_p05,23,2ヶ月,141.2,—,—
scanned_document_109_p05_r23_c2.png,scanned_document_109_p05,23,4ヶ月,0.0,空欄,空欄
scanned_document_109_p05_r23_c3.png,scanned_document_109_p05,23,8ヶ月,0.0,空欄,空欄
scanned_document_109_p05_r23_c4.png,scanned_document_109_p05,23,1年,0.0,空欄,空欄
scanned_document_109_p05_r23_c5.png,scanned_document_109_p05,23,1年4ヶ月,0.0,空欄,空欄
scanned_document_109_p05_r23_c6.png,scanned_document_109_p05,23,1年8ヶ月,0.0,空欄,空欄
scanned_document_109_p05_r23_c7.png,scanned_document_109_p05,23,2年,34.0,空欄,空欄
scanned_document_109_p05_r24_c1.png,scanned_document_109_p05,24,2ヶ月,143.5,—,—
scanned_document_109_p05_r24_c2.png,scanned_document_109_p05,24,4ヶ月,142.2,◎,○
scanned_document_109_p05_r24_c3.png,scanned_document_109_p05,24,8ヶ月,146.4,◎,○
scanned_document_109_p05_r24_c4.png,scanned_document_109_p05,24,1年,191.8,◎,○
scanned_document_109_p05_r24_c5.png,scanned_document_109_p05,24,1年4ヶ月,173.4,◎,在庫なし
scanned_document_109_p05_r24_c6.png,scanned_document_109_p05,24,1年8ヶ月,0.0,空欄,空欄
scanned_document_109_p05_r24_c7.png,scanned_document_109_p05,24,2年,0.0,空欄,空欄
scanned_document_109_p05_r25_c1.png,scanned_document_109_p05,25,2ヶ月,145.3,—,—
scanned_document_109_p05_r25_c2.png,scanned_document_109_p05,25,4ヶ月,142.5,◎,○
scanned_document_109_p05_r25_c3.png,scanned_document_109_p05,25,8ヶ月,188.0,◎,○
scanned_document_109_p05_r25_c4.png,scanned_document_109_p05,25,1年,30.4,空欄,空欄
scanned_document_109_p05_r25_c5.png,scanned_document_109_p05,25,1年4ヶ月,28.3,空欄,空欄
scanned_document_109_p05_r25_c6.png,scanned_document_109_p05,25,1年8ヶ月,28.0,空欄,空欄
scanned_document_109_p05_r25_c7.png,scanned_document_109_p05,25,2年,29.5,空欄,空欄
scanned_document_109_p05_r26_c1.png,scanned_document_109_p05,26,2ヶ月,137.7,—,—
scanned_document_109_p05_r26_c2.png,scanned_document_109_p05,26,4ヶ月,31.2,空欄,空欄
scanned_document_109_p05_r26_c3.png,scanned_document_109_p05,26,8ヶ月,0.0,空欄,空欄
scanned_document_109_p05_r26_c4.png,scanned_document_109_p05,26,1年,0.0,空欄,空欄
scanned_document_109_p05_r26_c5.png,scanned_document_109_p05,26,1年4ヶ月,30.4,空欄,空欄
scanned_document_109_p05_r26_c6.png,scanned_document_109_p05,26,1年8ヶ月,29.8,空欄,空欄
scanned_document_109_p05_r26_c7.png,scanned_document_109_p05,26,2年,31.0,空欄,空欄
scanned_document_109_p05_r27_c1.png,scanned_document_109_p05,27,2ヶ月,146.7,×,×
scanned_document_109_p05_r27_c2.png,scanned_document_109_p05,27,4ヶ月,138.3,◎,在庫なし
scanned_document_109_p05_r27_c3.png,scanned_document_109_p05,27,8ヶ月,0.0,空欄,空欄
scanned_document_109_p05_r27_c4.png,scanned_document_109_p05,27,1年,0.0,空欄,空欄
scanned_document_109_p05_r27_c5.png,scanned_document_109_p05,27,1年4ヶ月,29.0,空欄,空欄
scanned_document_109_p05_r27_c6.png,scanned_document_109_p05,27,1年8ヶ月,31.1,空欄,空欄
scanned_document_109_p05_r27_c7.png,scanned_document_109_p05,27,2年,29.8,空欄,空欄
scanned_document_109_p05_r28_c1.png,scanned_document_109_p05,28,2ヶ月,145.0,×,×
scanned_document_109_p05_r28_c2.png,scanned_document_109_p05,28,4ヶ月,139.8,◎,在庫なし
scanned_document_109_p05_r28_c3.png,scanned_document_109_p05,28,8ヶ月,28.0,空欄,空欄
scanned_document_109_p05_r28_c4.png,scanned_document_109_p05,28,1年,0.0,空欄,空欄
scanned_document_109_p05_r28_c5.png,scanned_document_109_p05,28,1年4ヶ月,28.0,空欄,空欄
scanned_document_109_p05_r28_c6.png,scanned_document_109_p05,28,1年8ヶ月,28.5,空欄,空欄
scanned_document_109_p05_r28_c7.png,scanned_document_109_p05,28,2年,30.0,空欄,空欄
scanned_document_109_p05_r29_c1.png,scanned_document_109_p05,29,2ヶ月,183.3,×,×
scanned_document_109_p05_r29_c2.png,scanned_document_109_p05,29,4ヶ月,171.5,◎,在庫なし
scanned_document_109_p05_r29_c3.png,scanned_document_109_p05,29,8ヶ月,0.0,空欄,空欄
scanned_document_109_p05_r29_c4.png,scanned_document_109_p05,29,1年,0.0,空欄,空欄
scanned_document_109_p05_r29_c5.png,scanned_document_109_p05,29,1年4ヶ月,31.3,空欄,空欄
scanned_document_109_p05_r29_c6.png,scanned_document_109_p05,29,1年8ヶ月,28.7,空欄,空欄
scanned_document_109_p05_r29_c7.png,scanned_document_109_p05,29,2年,29.8,空欄,空欄
scanned_document_109_p05_r30_c1.png,scanned_document_109_p05,30,2ヶ月,33.8,空欄,空欄
scanned_document_109_p05_r30_c2.png,scanned_document_109_p05,30,4ヶ月,31.9,空欄,空欄
scanned_document_109_p05_r30_c3.png,scanned_document_109_p05,30,8ヶ月,30.0,空欄,空欄
scanned_document_109_p05_r30_c4.png,scanned_document_109_p05,30,1年,33.0,空欄,空欄
scanned_document_109_p05_r30_c5.png,scanned_document_109_p05,30,1年4ヶ月,28.7,空欄,空欄
scanned_document_109_p05_r30_c6.png,scanned_document_109_p05,30,1年8ヶ月,30.4,空欄,空欄
scanned_document_109_p05_r30_c7.png,scanned_document_109_p05,30,2年,29.3,空欄,空欄
scanned_document_109_p05_r31_c1.png,scanned_document_109_p05,31,2ヶ月,0.0,空欄,空欄
scanned_document_109_p05_r31_c2.png,scanned_document_109_p05,31,4ヶ月,0.0,空欄,空欄
scanned_document_109_p05_r31_c3.png,scanned_document_109_p05,31,8ヶ月,0.0,空欄,空欄
scanned_document_109_p05_r31_c4.png,scanned_document_109_p05,31,1年,33.0,空欄,空欄
scanned_document_109_p05_r31_c5.png,scanned_document_109_p05,31,1年4ヶ月,31.0,空欄,空欄
scanned_document_109_p05_r31_c6.png,scanned_document_109_p05,31,1年8ヶ月,35.0,空欄,空欄
scanned_document_109_p05_r31_c7.png,scanned_document_109_p05,31,2年,28.0,空欄,空欄
scanned_document_109_p05_r32_c1.png,scanned_document_109_p05,32,2ヶ月,129.5,—,—
scanned_document_109_p05_r32_c2.png,scanned_document_109_p05,32,4ヶ月,145.6,◎,○
scanned_document_109_p05_r32_c3.png,scanned_document_109_p05,32,8ヶ月,0.0,空欄,空欄
scanned_document_109_p05_r32_c4.png,scanned_document_109_p05,32,1年,0.0,空欄,空欄
scanned_document_109_p05_r32_c5.png,scanned_document_109_p05,32,1年4ヶ月,0.0,空欄,空欄
scanned_document_109_p05_r32_c6.png,scanned_document_109_p05,32,1年8ヶ月,0.0,空欄,空欄
scanned_document_109_p05_r32_c7.png,scanned_document_109_p05,32,2年,0.0,空欄,空欄
scanned_document_109_p05_r33_c1.png,scanned_document_109_p05,33,2ヶ月,147.5,—,—
scanned_document_109_p05_r33_c2.png,scanned_document_109_p05,33,4ヶ月,141.1,◎,○
scanned_document_109_p05_r33_c3.png,scanned_document_109_p05,33,8ヶ月,0.0,空欄,空欄
scanned_document_109_p05_r33_c4.png,scanned_document_109_p05,33,1年,0.0,空欄,空欄
scanned_document_109_p05_r33_c5.png,scanned_document_109_p05,33,1年4ヶ月,29.4,空欄,空欄
scanned_document_109_p05_r33_c6.png,scanned_document_109_p05,33,1年8ヶ月,30.3,空欄,空欄
scanned_document_109_p05_r33_c7.png,scanned_document_109_p05,33,2年,35.2,空欄,空欄
scanned_document_109_p05_r34_c1.png,scanned_document_109_p05,34,2ヶ月,138.3,—,—
scanned_document_109_p05_r34_c2.png,scanned_document_109_p05,34,4ヶ月,137.8,◎,○
scanned_document_109_p05_r34_c3.png,scanned_document_109_p05,34,8ヶ月,31.0,空欄,空欄
scanned_document_109_p05_r34_c4.png,scanned_document_109_p05,34,1年,29.0,空欄,空欄
scanned_document_109_p05_r34_c5.png,scanned_document_109_p05,34,1年4ヶ月,30.5,空欄,空欄
scanned_document_109_p05_r34_c6.png,scanned_document_109_p05,34,1年8ヶ月,33.0,空欄,空欄
scanned_document_109_p05_r34_c7.png,scanned_document_109_p05,34,2年,0.0,空欄,空欄
scanned_document_109_p05_r35_c1.png,scanned_document_109_p05,35,2ヶ月,156.6,×,—
scanned_document_109_p05_r35_c2.png,scanned_document_109_p05,35,4ヶ月,0.0,空欄,空欄
scanned_document_109_p05_r35_c3.png,scanned_document_109_p05,35,8ヶ月,0.0,空欄,空欄
scanned_document_109_p05_r35_c4.png,scanned_document_109_p05,35,1年,32.0,空欄,空欄
scanned_document_109_p05_r35_c5.png,scanned_document_109_p05,35,1年4ヶ月,31.0,空欄,空欄
scanned_document_109_p05_r35_c6.png,scanned_document_109_p05,35,1年8ヶ月,30.9,空欄,空欄
scanned_document_109_p05_r35_c7.png,scanned_document_109_p05,35,2年,29.0,空欄,空欄
scanned_document_109_p05_r36_c1.png,scanned_document_109_p05,36,2ヶ月,141.9,—,—
scanned_document_109_p05_r36_c2.png,scanned_document_109_p05,36,4ヶ月,29.1,空欄,空欄
scanned_document_109_p05_r36_c3.png,scanned_document_109_p05,36,8ヶ月,28.5,空欄,空欄
scanned_document_109_p05_r36_c4.png,scanned_document_109_p05,36,1年,0.0,空欄,空欄
scanned_document_109_p05_r36_c5.png,scanned_document_109_p05,36,1年4ヶ月,32.8,空欄,空欄
scanned_document_109_p05_r36_c6.png,scanned_document_109_p05,36,1年8ヶ月,31.0,空欄,空欄
scanned_document_109_p05_r36_c7.png,scanned_document_109_p05,36,2年,29.6,空欄,空欄
scanned_document_109_p05_r37_c1.png,scanned_document_109_p05,37,2ヶ月,131.8,×,—
scanned_document_109_p05_r37_c2.png,scanned_document_109_p05,37,4ヶ月,0.0,空欄,空欄
scanned_document_109_p05_r37_c3.png,scanned_document_109_p05,37,8ヶ月,0.0,空欄,空欄
scanned_document_109_p05_r37_c4.png,scanned_document_109_p05,37,1年,29.2,空欄,空欄
scanned_document_109_p05_r37_c5.png,scanned_document_109_p05,37,1年4ヶ月,33.5,空欄,空欄
scanned_document_109_p05_r37_c6.png,scanned_document_109_p05,37,1年8ヶ月,29.8,空欄,空欄
scanned_document_109_p05_r37_c7.png,scanned_document_109_p05,37,2年,30.0,空欄,空欄
scanned_document_109_p05_r38_c1.png,scanned_document_109_p05,38,2ヶ月,124.6,—,—
scanned_document_109_p05_r38_c2.png,scanned_document_109_p05,38,4ヶ月,31.8,空欄,空欄
scanned_document_109_p05_r38_c3.png,scanned_document_109_p05,38,8ヶ月,31.7,空欄,空欄
scanned_document_109_p05_r38_c4.png,scanned_document_109_p05,38,1年,30.0,空欄,空欄
scanned_document_109_p05_r38_c5.png,scanned_document_109_p05,38,1年4ヶ月,30.2,空欄,空欄
scanned_document_109_p05_r38_c6.png,scanned_document_109_p05,38,1年8ヶ月,30.7,空欄,空欄
scanned_document_109_p05_r38_c7.png,scanned_document_109_p05,38,2年,30.9,空欄,空欄
scanned_document_109_p05_r39_c1.png,scanned_document_109_p05,39,2ヶ月,141.7,—,—
scanned_document_109_p05_r39_c2.png,scanned_document_109_p05,39,4ヶ月,135.4,◎,○
scanned_document_109_p05_r39_c3.png,scanned_document_109_p05,39,8ヶ月,187.1,◎,○
scanned_document_109_p05_r39_c4.png,scanned_document_109_p05,39,1年,0.0,空欄,空欄
scanned_document_109_p05_r39_c5.png,scanned_document_109_p05,39,1年4ヶ月,0.0,空欄,空欄
scanned_document_109_p05_r39_c6.png,scanned_document_109_p05,39,1年8ヶ月,30.6,空欄,空欄
scanned_document_109_p05_r39_c7.png,scanned_document_109_p05,39,2年,32.4,空欄,空欄
scanned_document_109_p05_r40_c1.png,scanned_document_109_p05,40,2ヶ月,136.7,—,—
scanned_document_109_p05_r40_c2.png,scanned_document_109_p05,40,4ヶ月,32.0,空欄,空欄
scanned_document_109_p05_r40_c3.png,scanned_document_109_p05,40,8ヶ月,34.8,空欄,空欄
scanned_document_109_p05_r40_c4.png,scanned_document_109_p05,40,1年,28.0,空欄,空欄
scanned_document_109_p05_r40_c5.png,scanned_document_109_p05,40,1年4ヶ月,32.0,空欄,空欄
scanned_document_109_p05_r40_c6.png,scanned_document_109_p05,40,1年8ヶ月,0.0,空欄,空欄
scanned_document_109_p05_r40_c7.png,scanned_document_109_p05,40,2年,0.0,空欄,空欄
scanned_document_109_p05_r41_c1.png,scanned_document_109_p05,41,2ヶ月,130.8,×,—
scanned_document_109_p05_r41_c2.png,scanned_document_109_p05,41,4ヶ月,0.0,空欄,空欄
scanned_document_109_p05_r41_c3.png,scanned_document_109_p05,41,8ヶ月,0.0,空欄,空欄
scanned_document_109_p05_r41_c4.png,scanned_document_109_p05,41,1年,0.0,空欄,空欄
scanned_document_109_p05_r41_c5.png,scanned_document_109_p05,41,1年4ヶ月,0.0,空欄,空欄
scanned_document_109_p05_r41_c6.png,scanned_document_109_p05,41,1年8ヶ月,0.0,空欄,空欄
scanned_document_109_p05_r41_c7.png,scanned_document_109_p05,41,2年,0.0,空欄,空欄
scanned_document_109_p06_r01_c1.png,scanned_document_109_p06,1,2ヶ月,28.0,空欄,
scanned_document_109_p06_r01_c2.png,scanned_document_109_p06,1,4ヶ月,32.8,空欄,
scanned_document_109_p06_r01_c3.png,scanned_document_109_p06,1,8ヶ月,35.4,空欄,
scanned_document_109_p06_r01_c4.png,scanned_document_109_p06,1,1年,175.9,◎,
scanned_document_109_p06_r01_c5.png,scanned_document_109_p06,1,1年4ヶ月,0.0,空欄,
scanned_document_109_p06_r01_c6.png,scanned_document_109_p06,1,1年8ヶ月,0.0,空欄,
scanned_document_109_p06_r01_c7.png,scanned_document_109_p06,1,2年,0.0,空欄,
scanned_document_109_p06_r02_c1.png,scanned_document_109_p06,2,2ヶ月,170.0,◎,
scanned_document_109_p06_r02_c2.png,scanned_document_109_p06,2,4ヶ月,170.7,◎,
scanned_document_109_p06_r02_c3.png,scanned_document_109_p06,2,8ヶ月,171.3,◎,
scanned_document_109_p06_r02_c4.png,scanned_document_109_p06,2,1年,167.3,◎,
scanned_document_109_p06_r02_c5.png,scanned_document_109_p06,2,1年4ヶ月,171.1,◎,
scanned_document_109_p06_r02_c6.png,scanned_document_109_p06,2,1年8ヶ月,173.0,◎,
scanned_document_109_p06_r02_c7.png,scanned_document_109_p06,2,2年,171.1,◎,
scanned_document_109_p06_r03_c1.png,scanned_document_109_p06,3,2ヶ月,135.0,×,×
scanned_document_109_p06_r03_c2.png,scanned_document_109_p06,3,4ヶ月,131.9,◎,在庫なし
scanned_document_109_p06_r03_c3.png,scanned_document_109_p06,3,8ヶ月,0.0,空欄,空欄
scanned_document_109_p06_r03_c4.png,scanned_document_109_p06,3,1年,0.0,空欄,空欄
scanned_document_109_p06_r03_c5.png,scanned_document_109_p06,3,1年4ヶ月,0.0,空欄,空欄
scanned_document_109_p06_r03_c6.png,scanned_document_109_p06,3,1年8ヶ月,0.0,空欄,空欄
scanned_document_109_p06_r03_c7.png,scanned_document_109_p06,3,2年,29.0,空欄,空欄
scanned_document_109_p06_r04_c1.png,scanned_document_109_p06,4,2ヶ月,124.8,◎,×
scanned_document_109_p06_r04_c2.png,scanned_document_109_p06,4,4ヶ月,132.2,◎,在庫なし
scanned_document_109_p06_r04_c3.png,scanned_document_109_p06,4,8ヶ月,33.6,空欄,空欄
scanned_document_109_p06_r04_c4.png,scanned_document_109_p06,4,1年,0.0,空欄,空欄
scanned_document_109_p06_r04_c5.png,scanned_document_109_p06,4,1年4ヶ月,32.0,空欄,空欄
scanned_document_109_p06_r04_c6.png,scanned_document_109_p06,4,1年8ヶ月,32.3,空欄,空欄
scanned_document_109_p06_r04_c7.png,scanned_document_109_p06,4,2年,36.3,空欄,空欄
scanned_document_109_p06_r05_c1.png,scanned_document_109_p06,5,2ヶ月,172.0,◎,○
scanned_document_109_p06_r05_c2.png,scanned_document_109_p06,5,4ヶ月,169.0,◎,在庫なし
scanned_document_109_p06_r05_c3.png,scanned_document_109_p06,5,8ヶ月,30.9,空欄,空欄
scanned_document_109_p06_r05_c4.png,scanned_document_109_p06,5,1年,28.5,空欄,空欄
scanned_document_109_p06_r05_c5.png,scanned_document_109_p06,5,1年4ヶ月,0.0,空欄,空欄
scanned_document_109_p06_r05_c6.png,scanned_document_109_p06,5,1年8ヶ月,0.0,空欄,空欄
scanned_document_109_p06_r05_c7.png,scanned_document_109_p06,5,2年,0.0,空欄,空欄
scanned_document_109_p06_r06_c1.png,scanned_document_109_p06,6,2ヶ月,30.1,空欄,空欄
scanned_document_109_p06_r06_c2.png,scanned_document_109_p06,6,4ヶ月,32.7,空欄,空欄
scanned_document_109_p06_r06_c3.png,scanned_document_109_p06,6,8ヶ月,33.3,空欄,空欄
scanned_document_109_p06_r06_c4.png,scanned_document_109_p06,6,1年,33.8,空欄,空欄
scanned_document_109_p06_r06_c5.png,scanned_document_109_p06,6,1年4ヶ月,30.3,空欄,空欄
scanned_document_109_p06_r06_c6.png,scanned_document_109_p06,6,1年8ヶ月,36.5,空欄,空欄
scanned_document_109_p06_r06_c7.png,scanned_document_109_p06,6,2年,33.0,空欄,空欄
scanned_document_109_p06_r07_c1.png,scanned_document_109_p06,7,2ヶ月,34.3,空欄,空欄
scanned_document_109_p06_r07_c2.png,scanned_document_109_p06,7,4ヶ月,0.0,空欄,空欄
scanned_document_109_p06_r07_c3.png,scanned_document_109_p06,7,8ヶ月,0.0,空欄,空欄
scanned_document_109_p06_r07_c4.png,scanned_document_109_p06,7,1年,0.0,空欄,空欄
scanned_document_109_p06_r07_c5.png,scanned_document_109_p06,7,1年4ヶ月,0.0,空欄,空欄
scanned_document_109_p06_r07_c6.png,scanned_document_109_p06,7,1年8ヶ月,0.0,空欄,空欄
scanned_document_109_p06_r07_c7.png,scanned_document_109_p06,7,2年,0.0,空欄,空欄
scanned_document_109_p06_r08_c1.png,scanned_document_109_p06,8,2ヶ月,132.8,—,—
scanned_document_109_p06_r08_c2.png,scanned_document_109_p06,8,4ヶ月,174.4,◎,○
scanned_document_109_p06_r08_c3.png,scanned_document_109_p06,8,8ヶ月,37.2,空欄,空欄
scanned_document_109_p06_r08_c4.png,scanned_document_109_p06,8,1年,38.3,空欄,空欄
scanned_document_109_p06_r08_c5.png,scanned_document_109_p06,8,1年4ヶ月,32.9,空欄,空欄
scanned_document_109_p06_r08_c6.png,scanned_document_109_p06,8,1年8ヶ月,28.3,空欄,空欄
scanned_document_109_p06_r08_c7.png,scanned_document_109_p06,8,2年,0.0,空欄,空欄
scanned_document_109_p06_r09_c1.png,scanned_document_109_p06,9,2ヶ月,134.8,×,—
scanned_document_109_p06_r09_c2.png,scanned_document_109_p06,9,4ヶ月,0.0,空欄,空欄
scanned_document_109_p06_r09_c3.png,scanned_document_109_p06,9,8ヶ月,0.0,空欄,空欄
scanned_document_109_p06_r09_c4.png,scanned_document_109_p06,9,1年,0.0,空欄,空欄
scanned_document_109_p06_r09_c5.png,scanned_document_109_p06,9,1年4ヶ月,0.0,空欄,空欄
scanned_document_109_p06_r09_c6.png,scanned_document_109_p06,9,1年8ヶ月,0.0,空欄,空欄
scanned_document_109_p06_r09_c7.png,scanned_document_109_p06,9,2年,0.0,空欄,空欄
scanned_document_109_p06_r10_c1.png,scanned_document_109_p06,10,2ヶ月,126.1,×,—
scanned_document_109_p06_r10_c2.png,scanned_document_109_p06,10,4ヶ月,31.4,空欄,空欄
scanned_document_109_p06_r10_c3.png,scanned_document_109_p06,10,8ヶ月,30.0,空欄,空欄
scanned_document_109_p06_r10_c4.png,scanned_document_109_p06,10,1年,32.4,空欄,空欄
scanned_document_109_p06_r10_c5.png,scanned_document_109_p06,10,1年4ヶ月,31.3,空欄,空欄
scanned_document_109_p06_r10_c6.png,scanned_document_109_p06,10,1年8ヶ月,33.4,空欄,空欄
scanned_document_109_p06_r10_c7.png,scanned_document_109_p06,10,2年,32.8,空欄,空欄
scanned_document_109_p06_r11_c1.png,scanned_document_109_p06,11,2ヶ月,132.5,×,—
scanned_document_109_p06_r11_c2.png,scanned_document_109_p06,11,4ヶ月,138.3,◎,○
scanned_document_109_p06_r11_c3.png,scanned_document_109_p06,11,8ヶ月,137.3,◎,○
scanned_document_109_p06_r11_c4.png,scanned_document_109_p06,11,1年,0.0,空欄,空欄
scanned_document_109_p06_r11_c5.png,scanned_document_109_p06,11,1年4ヶ月,0.0,空欄,空欄
scanned_document_109_p06_r11_c6.png,scanned_document_109_p06,11,1年8ヶ月,0.0,空欄,空欄
scanned_document_109_p06_r11_c7.png,scanned_document_109_p06,11,2年,0.0,空欄,空欄
scanned_document_109_p06_r12_c1.png,scanned_document_109_p06,12,2ヶ月,137.5,×,空欄
scanned_document_109_p06_r12_c2.png,scanned_document_109_p06,12,4ヶ月,132.0,◎,○
scanned_document_109_p06_r12_c3.png,scanned_document_109_p06,12,8ヶ月,172.4,◎,○
scanned_document_109_p06_r12_c4.png,scanned_document_109_p06,12,1年,30.8,空欄,空欄
scanned_document_109_p06_r12_c5.png,scanned_document_109_p06,12,1年4ヶ月,35.6,空欄,空欄
scanned_document_109_p06_r12_c6.png,scanned_document_109_p06,12,1年8ヶ月,33.5,空欄,空欄
scanned_document_109_p06_r12_c7.png,scanned_document_109_p06,12,2年,34.5,空欄,空欄
scanned_document_109_p06_r13_c1.png,scanned_document_109_p06,13,2ヶ月,135.1,×,—
scanned_document_109_p06_r13_c2.png,scanned_document_109_p06,13,4ヶ月,135.2,×,×
scanned_document_109_p06_r13_c3.png,scanned_document_109_p06,13,8ヶ月,0.0,空欄,空欄
scanned_document_109_p06_r13_c4.png,scanned_document_109_p06,13,1年,0.0,空欄,空欄
scanned_document_109_p06_r13_c5.png,scanned_document_109_p06,13,1年4ヶ月,0.0,空欄,空欄
scanned_document_109_p06_r13_c6.png,scanned_document_109_p06,13,1年8ヶ月,0.0,空欄,空欄
scanned_document_109_p06_r13_c7.png,scanned_document_109_p06,13,2年,0.0,空欄,空欄
scanned_document_109_p06_r14_c1.png,scanned_document_109_p06,14,2ヶ月,116.9,×,空欄
scanned_document_109_p06_r14_c2.png,scanned_document_109_p06,14,4ヶ月,174.9,◎,○
scanned_document_109_p06_r14_c3.png,scanned_document_109_p06,14,8ヶ月,33.4,空欄,空欄
scanned_document_109_p06_r14_c4.png,scanned_document_109_p06,14,1年,31.9,空欄,空欄
scanned_document_109_p06_r14_c5.png,scanned_document_109_p06,14,1年4ヶ月,34.2,空欄,空欄
scanned_document_109_p06_r14_c6.png,scanned_document_109_p06,14,1年8ヶ月,33.2,空欄,空欄
scanned_document_109_p06_r14_c7.png,scanned_document_109_p06,14,2年,34.6,空欄,空欄
scanned_document_109_p06_r15_c1.png,scanned_document_109_p06,15,2ヶ月,139.0,—,—
scanned_document_109_p06_r15_c2.png,scanned_document_109_p06,15,4ヶ月,0.0,空欄,空欄
scanned_document_109_p06_r15_c3.png,scanned_document_109_p06,15,8ヶ月,0.0,空欄,空欄
scanned_document_109_p06_r15_c4.png,scanned_document_109_p06,15,1年,0.0,空欄,空欄
scanned_document_109_p06_r15_c5.png,scanned_document_109_p06,15,1年4ヶ月,0.0,空欄,空欄
scanned_document_109_p06_r15_c6.png,scanned_document_109_p06,15,1年8ヶ月,0.0,空欄,空欄
scanned_document_109_p06_r15_c7.png,scanned_document_109_p06,15,2年,0.0,空欄,空欄
scanned_document_109_p06_r16_c1.png,scanned_document_109_p06,16,2ヶ月,121.0,—,—
scanned_document_109_p06_r16_c2.png,scanned_document_109_p06,16,4ヶ月,176.1,◎,○
scanned_document_109_p06_r16_c3.png,scanned_document_109_p06,16,8ヶ月,173.9,◎,在庫なし
scanned_document_109_p06_r16_c4.png,scanned_document_109_p06,16,1年,36.8,空欄,空欄
scanned_document_109_p06_r16_c5.png,scanned_document_109_p06,16,1年4ヶ月,29.2,空欄,空欄
scanned_document_109_p06_r16_c6.png,scanned_document_109_p06,16,1年8ヶ月,29.0,空欄,空欄
scanned_document_109_p06_r16_c7.png,scanned_document_109_p06,16,2年,28.0,空欄,空欄
scanned_document_109_p06_r17_c1.png,scanned_document_109_p06,17,2ヶ月,115.5,—,—
scanned_document_109_p06_r17_c2.png,scanned_document_109_p06,17,4ヶ月,30.9,空欄,空欄
scanned_document_109_p06_r17_c3.png,scanned_document_109_p06,17,8ヶ月,30.8,空欄,空欄
scanned_document_109_p06_r17_c4.png,scanned_document_109_p06,17,1年,30.1,空欄,空欄
scanned_document_109_p06_r17_c5.png,scanned_document_109_p06,17,1年4ヶ月,31.1,空欄,空欄
scanned_document_109_p06_r17_c6.png,scanned_document_109_p06,17,1年8ヶ月,29.1,空欄,空欄
scanned_document_109_p06_r17_c7.png,scanned_document_109_p06,17,2年,31.9,空欄,空欄
scanned_document_109_p06_r18_c1.png,scanned_document_109_p06,18,2ヶ月,119.8,×,—
scanned_document_109_p06_r18_c2.png,scanned_document_109_p06,18,4ヶ月,33.0,空欄,空欄
scanned_document_109_p06_r18_c3.png,scanned_document_109_p06,18,8ヶ月,32.3,空欄,空欄
scanned_document_109_p06_r18_c4.png,scanned_document_109_p06,18,1年,31.0,空欄,空欄
scanned_document_109_p06_r18_c5.png,scanned_document_109_p06,18,1年4ヶ月,31.9,空欄,空欄
scanned_document_109_p06_r18_c6.png,scanned_document_109_p06,18,1年8ヶ月,31.9,空欄,空欄
scanned_document_109_p06_r18_c7.png,scanned_document_109_p06,18,2年,32.5,空欄,空欄
scanned_document_109_p06_r19_c1.png,scanned_document_109_p06,19,2ヶ月,138.5,×,—
scanned_document_109_p06_r19_c2.png,scanned_document_109_p06,19,4ヶ月,0.0,空欄,空欄
scanned_document_109_p06_r19_c3.png,scanned_document_109_p06,19,8ヶ月,0.0,空欄,空欄
scanned_document_109_p06_r19_c4.png,scanned_document_109_p06,19,1年,0.0,空欄,空欄
scanned_document_109_p06_r19_c5.png,scanned_document_109_p06,19,1年4ヶ月,0.0,空欄,空欄
scanned_document_109_p06_r19_c6.png,scanned_document_109_p06,19,1年8ヶ月,0.0,空欄,空欄
scanned_document_109_p06_r19_c7.png,scanned_document_109_p06,19,2年,0.0,空欄,空欄
scanned_document_109_p06_r20_c1.png,scanned_document_109_p06,20,2ヶ月,125.0,×,—
scanned_document_109_p06_r20_c2.png,scanned_document_109_p06,20,4ヶ月,36.9,空欄,空欄
scanned_document_109_p06_r20_c3.png,scanned_document_109_p06,20,8ヶ月,34.8,空欄,空欄
scanned_document_109_p06_r20_c4.png,scanned_document_109_p06,20,1年,32.0,空欄,空欄
scanned_document_109_p06_r20_c5.png,scanned_document_109_p06,20,1年4ヶ月,35.9,空欄,空欄
scanned_document_109_p06_r20_c6.png,scanned_document_109_p06,20,1年8ヶ月,33.6,空欄,空欄
scanned_document_109_p06_r20_c7.png,scanned_document_109_p06,20,2年,30.5,空欄,空欄
scanned_document_109_p06_r21_c1.png,scanned_document_109_p06,21,2ヶ月,133.5,×,—
scanned_document_109_p06_r21_c2.png,scanned_document_109_p06,21,4ヶ月,138.1,◎,○
scanned_document_109_p06_r21_c3.png,scanned_document_109_p06,21,8ヶ月,138.7,◎,○
scanned_document_109_p06_r21_c4.png,scanned_document_109_p06,21,1年,0.0,空欄,空欄
scanned_document_109_p06_r21_c5.png,scanned_document_109_p06,21,1年4ヶ月,0.0,空欄,空欄
scanned_document_109_p06_r21_c6.png,scanned_document_109_p06,21,1年8ヶ月,0.0,空欄,空欄
scanned_document_109_p06_r21_c7.png,scanned_document_109_p06,21,2年,0.0,空欄,空欄
scanned_document_109_p06_r22_c1.png,scanned_document_109_p06,22,2ヶ月,117.6,×,—
scanned_document_109_p06_r22_c2.png,scanned_document_109_p06,22,4ヶ月,132.0,◎,○
scanned_document_109_p06_r22_c3.png,scanned_document_109_p06,22,8ヶ月,32.8,空欄,空欄
scanned_document_109_p06_r22_c4.png,scanned_document_109_p06,22,1年,32.8,空欄,空欄
scanned_document_109_p06_r22_c5.png,scanned_document_109_p06,22,1年4ヶ月,33.2,空欄,空欄
scanned_document_109_p06_r22_c6.png,scanned_document_109_p06,22,1年8ヶ月,34.5,空欄,空欄
scanned_document_109_p06_r22_c7.png,scanned_document_109_p06,22,2年,29.5,空欄,空欄
scanned_document_109_p06_r23_c1.png,scanned_document_109_p06,23,2ヶ月,136.9,×,—
scanned_document_109_p06_r23_c2.png,scanned_document_109_p06,23,4ヶ月,0.0,空欄,空欄
scanned_document_109_p06_r23_c3.png,scanned_document_109_p06,23,8ヶ月,0.0,空欄,空欄
scanned_document_109_p06_r23_c4.png,scanned_document_109_p06,23,1年,0.0,空欄,空欄
scanned_document_109_p06_r23_c5.png,scanned_document_109_p06,23,1年4ヶ月,0.0,空欄,空欄
scanned_document_109_p06_r23_c6.png,scanned_document_109_p06,23,1年8ヶ月,0.0,空欄,空欄
scanned_document_109_p06_r23_c7.png,scanned_document_109_p06,23,2年,0.0,空欄,空欄
scanned_document_109_p06_r24_c1.png,scanned_document_109_p06,24,2ヶ月,130.9,◎,×
scanned_document_109_p06_r24_c2.png,scanned_document_109_p06,24,4ヶ月,32.3,空欄,空欄
scanned_document_109_p06_r24_c3.png,scanned_document_109_p06,24,8ヶ月,33.6,空欄,空欄
scanned_document_109_p06_r24_c4.png,scanned_document_109_p06,24,1年,32.6,空欄,空欄
scanned_document_109_p06_r24_c5.png,scanned_document_109_p06,24,1年4ヶ月,35.1,空欄,空欄
scanned_document_109_p06_r24_c6.png,scanned_document_109_p06,24,1年8ヶ月,35.4,空欄,空欄
scanned_document_109_p06_r24_c7.png,scanned_document_109_p06,24,2年,34.3,空欄,空欄
scanned_document_109_p06_r25_c1.png,scanned_document_109_p06,25,2ヶ月,136.4,×,×
scanned_document_109_p06_r25_c2.png,scanned_document_109_p06,25,4ヶ月,0.0,空欄,空欄
scanned_document_109_p06_r25_c3.png,scanned_document_109_p06,25,8ヶ月,0.0,空欄,空欄
scanned_document_109_p06_r25_c4.png,scanned_document_109_p06,25,1年,0.0,空欄,空欄
scanned_document_109_p06_r25_c5.png,scanned_document_109_p06,25,1年4ヶ月,0.0,空欄,空欄
scanned_document_109_p06_r25_c6.png,scanned_document_109_p06,25,1年8ヶ月,0.0,空欄,空欄
scanned_document_109_p06_r25_c7.png,scanned_document_109_p06,25,2年,0.0,空欄,空欄
scanned_document_109_p06_r26_c1.png,scanned_document_109_p06,26,2ヶ月,32.7,空欄,空欄
scanned_document_109_p06_r26_c2.png,scanned_document_109_p06,26,4ヶ月,33.6,空欄,空欄
scanned_document_109_p06_r26_c3.png,scanned_document_109_p06,26,8ヶ月,34.2,空欄,空欄
scanned_document_109_p06_r26_c4.png,scanned_document_109_p06,26,1年,33.6,空欄,空欄
scanned_document_109_p06_r26_c5.png,scanned_document_109_p06,26,1年4ヶ月,35.3,空欄,空欄
scanned_document_109_p06_r26_c6.png,scanned_document_109_p06,26,1年8ヶ月,31.4,空欄,空欄
scanned_document_109_p06_r26_c7.png,scanned_document_109_p06,26,2年,32.4,空欄,空欄
scanned_document_109_p06_r27_c1.png,scanned_document_109_p06,27,2ヶ月,141.1,×,—
scanned_document_109_p06_r27_c2.png,scanned_document_109_p06,27,4ヶ月,137.5,◎,○
scanned_document_109_p06_r27_c3.png,scanned_document_109_p06,27,8ヶ月,177.0,◎,○
scanned_document_109_p06_r27_c4.png,scanned_document_109_p06,27,1年,0.0,空欄,空欄
scanned_document_109_p06_r27_c5.png,scanned_document_109_p06,27,1年4ヶ月,0.0,空欄,空欄
scanned_document_109_p06_r27_c6.png,scanned_document_109_p06,27,1年8ヶ月,0.0,空欄,空欄
scanned_document_109_p06_r27_c7.png,scanned_document_109_p06,27,2年,0.0,空欄,空欄
scanned_document_109_p06_r28_c1.png,scanned_document_109_p06,28,2ヶ月,126.0,—,—
scanned_document_109_p06_r28_c2.png,scanned_document_109_p06,28,4ヶ月,138.2,◎,○
scanned_document_109_p06_r28_c3.png,scanned_document_109_p06,28,8ヶ月,31.6,空欄,空欄
scanned_document_109_p06_r28_c4.png,scanned_document_109_p06,28,1年,31.7,空欄,空欄
scanned_document_109_p06_r28_c5.png,scanned_document_109_p06,28,1年4ヶ月,31.9,空欄,空欄
scanned_document_109_p06_r28_c6.png,scanned_document_109_p06,28,1年8ヶ月,31.6,空欄,空欄
scanned_document_109_p06_r28_c7.png,scanned_document_109_p06,28,2年,32.1,空欄,空欄
scanned_document_109_p06_r29_c1.png,scanned_document_109_p06,29,2ヶ月,140.5,×,—
scanned_document_109_p06_r29_c2.png,scanned_document_109_p06,29,4ヶ月,140.8,◎,○
scanned_document_109_p06_r29_c3.png,scanned_document_109_p06,29,8ヶ月,0.0,空欄,空欄
scanned_document_109_p06_r29_c4.png,scanned_document_109_p06,29,1年,0.0,空欄,空欄
scanned_document_109_p06_r29_c5.png,scanned_document_109_p06,29,1年4ヶ月,0.0,空欄,空欄
scanned_document_109_p06_r29_c6.png,scanned_document_109_p06,29,1年8ヶ月,0.0,空欄,空欄
scanned_document_109_p06_r29_c7.png,scanned_document_109_p06,29,2年,0.0,空欄,空欄
scanned_document_109_p06_r30_c1.png,scanned_document_109_p06,30,2ヶ月,121.8,×,—
scanned_document_109_p06_r30_c2.png,scanned_document_109_p06,30,4ヶ月,169.6,◎,○
scanned_document_109_p06_r30_c3.png,scanned_document_109_p06,30,8ヶ月,29.9,空欄,空欄
scanned_document_109_p06_r30_c4.png,scanned_document_109_p06,30,1年,31.8,空欄,空欄
scanned_document_109_p06_r30_c5.png,scanned_document_109_p06,30,1年4ヶ月,31.0,空欄,空欄
scanned_document_109_p06_r30_c6.png,scanned_document_109_p06,30,1年8ヶ月,32.2,空欄,空欄
scanned_document_109_p06_r30_c7.png,scanned_document_109_p06,30,2年,37.9,空欄,空欄
scanned_document_109_p06_r31_c1.png,scanned_document_109_p06,31,2ヶ月,135.8,—,—
scanned_document_109_p06_r31_c2.png,scanned_document_109_p06,31,4ヶ月,0.0,空欄,空欄
scanned_document_109_p06_r31_c3.png,scanned_document_109_p06,31,8ヶ月,0.0,空欄,空欄
scanned_document_109_p06_r31_c4.png,scanned_document_109_p06,31,1年,0.0,空欄,空欄
scanned_document_109_p06_r31_c5.png,scanned_document_109_p06,31,1年4ヶ月,0.0,空欄,空欄
scanned_document_109_p06_r31_c6.png,scanned_document_109_p06,31,1年8ヶ月,0.0,空欄,空欄
scanned_document_109_p06_r31_c7.png,scanned_document_109_p06,31,2年,0.0,空欄,空欄
scanned_document_109_p06_r32_c1.png,scanned_document_109_p06,32,2ヶ月,123.2,×,—
scanned_document_109_p06_r32_c2.png,scanned_document_109_p06,32,4ヶ月,32.2,空欄,空欄
scanned_document_109_p06_r32_c3.png,scanned_document_109_p06,32,8ヶ月,32.2,空欄,空欄
scanned_document_109_p06_r32_c4.png,scanned_document_109_p06,32,1年,29.7,空欄,空欄
scanned_document_109_p06_r32_c5.png,scanned_document_109_p06,32,1年4ヶ月,30.7,空欄,空欄
scanned_document_109_p06_r32_c6.png,scanned_document_109_p06,32,1年8ヶ月,30.6,空欄,空欄
scanned_document_109_p06_r32_c7.png,scanned_document_109_p06,32,2年,31.7,空欄,空欄
scanned_document_109_p06_r33_c1.png,scanned_document_109_p06,33,2ヶ月,142.1,—,—
scanned_document_109_p06_r33_c2.png,scanned_document_109_p06,33,4ヶ月,136.1,◎,○
scanned_document_109_p06_r33_c3.png,scanned_document_109_p06,33,8ヶ月,139.4,◎,○
scanned_document_109_p06_r33_c4.png,scanned_document_109_p06,33,1年,0.0,空欄,空欄
scanned_document_109_p06_r33_c5.png,scanned_document_109_p06,33,1年4ヶ月,0.0,空欄,空欄
scanned_document_109_p06_r33_c6.png,scanned_document_109_p06,33,1年8ヶ月,0.0,空欄,空欄
scanned_document_109_p06_r33_c7.png,scanned_document_109_p06,33,2年,0.0,空欄,空欄
scanned_document_109_p06_r34_c1.png,scanned_document_109_p06,34,2ヶ月,116.7,—,—
scanned_document_109_p06_r34_c2.png,scanned_document_109_p06,34,4ヶ月,136.6,◎,○
scanned_document_109_p06_r34_c3.png,scanned_document_109_p06,34,8ヶ月,33.2,空欄,空欄
scanned_document_109_p06_r34_c4.png,scanned_document_109_p06,34,1年,31.3,空欄,空欄
scanned_document_109_p06_r34_c5.png,scanned_document_109_p06,34,1年4ヶ月,31.1,空欄,空欄
scanned_document_109_p06_r34_c6.png,scanned_document_109_p06,34,1年8ヶ月,36.8,空欄,空欄
scanned_document_109_p06_r34_c7.png,scanned_document_109_p06,34,2年,32.8,空欄,空欄
scanned_document_109_p06_r35_c1.png,scanned_document_109_p06,35,2ヶ月,104.6,×,—
scanned_document_109_p06_r35_c2.png,scanned_document_109_p06,35,4ヶ月,33.2,空欄,空欄
scanned_document_109_p06_r35_c3.png,scanned_document_109_p06,35,8ヶ月,32.9,空欄,空欄
scanned_document_109_p06_r35_c4.png,scanned_document_109_p06,35,1年,33.0,空欄,空欄
scanned_document_109_p06_r35_c5.png,scanned_document_109_p06,35,1年4ヶ月,33.1,空欄,空欄
scanned_document_109_p06_r35_c6.png,scanned_document_109_p06,35,1年8ヶ月,33.7,空欄,空欄
scanned_document_109_p06_r35_c7.png,scanned_document_109_p06,35,2年,32.1,空欄,空欄
scanned_document_109_p07_r01_c1.png,scanned_document_109_p07,1,2ヶ月,58.4,空欄,
scanned_document_109_p07_r01_c2.png,scanned_document_109_p07,1,4ヶ月,43.3,空欄,
scanned_document_109_p07_r01_c3.png,scanned_document_109_p07,1,8ヶ月,34.3,空欄,
scanned_document_109_p07_r01_c4.png,scanned_document_109_p07,1,1年,169.0,◎,
scanned_document_109_p07_r01_c5.png,scanned_document_109_p07,1,1年4ヶ月,29.1,空欄,
scanned_document_109_p07_r01_c6.png,scanned_document_109_p07,1,1年8ヶ月,0.0,空欄,
scanned_document_109_p07_r01_c7.png,scanned_document_109_p07,1,2年,0.0,空欄,
scanned_document_109_p07_r02_c1.png,scanned_document_109_p07,2,2ヶ月,162.7,◎,
scanned_document_109_p07_r02_c2.png,scanned_document_109_p07,2,4ヶ月,173.1,◎,
scanned_document_109_p07_r02_c3.png,scanned_document_109_p07,2,8ヶ月,169.6,◎,
scanned_document_109_p07_r02_c4.png,scanned_document_109_p07,2,1年,161.5,◎,
scanned_document_109_p07_r02_c5.png,scanned_document_109_p07,2,1年4ヶ月,170.3,◎,
scanned_document_109_p07_r02_c6.png,scanned_document_109_p07,2,1年8ヶ月,166.3,◎,
scanned_document_109_p07_r02_c7.png,scanned_document_109_p07,2,2年,156.6,◎,
scanned_document_109_p07_r03_c1.png,scanned_document_109_p07,3,2ヶ月,66.8,×,×
scanned_document_109_p07_r03_c2.png,scanned_document_109_p07,3,4ヶ月,73.0,○,在庫なし
scanned_document_109_p07_r03_c3.png,scanned_document_109_p07,3,8ヶ月,0.0,空欄,空欄
scanned_document_109_p07_r03_c4.png,scanned_document_109_p07,3,1年,30.5,空欄,空欄
scanned_document_109_p07_r03_c5.png,scanned_document_109_p07,3,1年4ヶ月,0.0,空欄,空欄
scanned_document_109_p07_r03_c6.png,scanned_document_109_p07,3,1年8ヶ月,0.0,空欄,空欄
scanned_document_109_p07_r03_c7.png,scanned_document_109_p07,3,2年,0.0,空欄,空欄
scanned_document_109_p07_r04_c1.png,scanned_document_109_p07,4,2ヶ月,65.7,×,×
scanned_document_109_p07_r04_c2.png,scanned_document_109_p07,4,4ヶ月,72.8,○,在庫なし
scanned_document_109_p07_r04_c3.png,scanned_document_109_p07,4,8ヶ月,0.0,空欄,空欄
scanned_document_109_p07_r04_c4.png,scanned_document_109_p07,4,1年,0.0,空欄,空欄
scanned_document_109_p07_r04_c5.png,scanned_document_109_p07,4,1年4ヶ月,0.0,空欄,空欄
scanned_document_109_p07_r04_c6.png,scanned_document_109_p07,4,1年8ヶ月,0.0,空欄,空欄
scanned_document_109_p07_r04_c7.png,scanned_document_109_p07,4,2年,0.0,空欄,空欄
scanned_document_109_p07_r05_c1.png,scanned_document_109_p07,5,2ヶ月,31.0,空欄,空欄
scanned_document_109_p07_r05_c2.png,scanned_document_109_p07,5,4ヶ月,33.7,空欄,空欄
scanned_document_109_p07_r05_c3.png,scanned_document_109_p07,5,8ヶ月,33.9,空欄,空欄
scanned_document_109_p07_r05_c4.png,scanned_document_109_p07,5,1年,34.7,空欄,空欄
scanned_document_109_p07_r05_c5.png,scanned_document_109_p07,5,1年4ヶ月,32.0,空欄,空欄
scanned_document_109_p07_r05_c6.png,scanned_document_109_p07,5,1年8ヶ月,38.0,空欄,空欄
scanned_document_109_p07_r05_c7.png,scanned_document_109_p07,5,2年,33.2,空欄,空欄
scanned_document_109_p07_r06_c1.png,scanned_document_109_p07,6,2ヶ月,0.0,空欄,空欄
scanned_document_109_p07_r06_c2.png,scanned_document_109_p07,6,4ヶ月,0.0,空欄,空欄
scanned_document_109_p07_r06_c3.png,scanned_document_109_p07,6,8ヶ月,0.0,空欄,空欄
scanned_document_109_p07_r06_c4.png,scanned_document_109_p07,6,1年,0.0,空欄,空欄
scanned_document_109_p07_r06_c5.png,scanned_document_109_p07,6,1年4ヶ月,0.0,空欄,空欄
scanned_document_109_p07_r06_c6.png,scanned_document_109_p07,6,1年8ヶ月,0.0,空欄,空欄
scanned_document_109_p07_r06_c7.png,scanned_document_109_p07,6,2年,0.0,空欄,空欄
scanned_document_109_p07_r07_c1.png,scanned_document_109_p07,7,2ヶ月,32.0,空欄,空欄
scanned_document_109_p07_r07_c2.png,scanned_document_109_p07,7,4ヶ月,0.0,空欄,空欄
scanned_document_109_p07_r07_c3.png,scanned_document_109_p07,7,8ヶ月,30.0,空欄,空欄
scanned_document_109_p07_r07_c4.png,scanned_document_109_p07,7,1年,36.0,空欄,空欄
scanned_document_109_p07_r07_c5.png,scanned_document_109_p07,7,1年4ヶ月,30.5,空欄,空欄
scanned_document_109_p07_r07_c6.png,scanned_document_109_p07,7,1年8ヶ月,31.0,空欄,空欄
scanned_document_109_p07_r07_c7.png,scanned_document_109_p07,7,2年,30.7,空欄,空欄
scanned_document_109_p07_r08_c1.png,scanned_document_109_p07,8,2ヶ月,56.4,—,—
scanned_document_109_p07_r08_c2.png,scanned_document_109_p07,8,4ヶ月,28.8,空欄,空欄
scanned_document_109_p07_r08_c3.png,scanned_document_109_p07,8,8ヶ月,28.0,空欄,空欄
scanned_document_109_p07_r08_c4.png,scanned_document_109_p07,8,1年,32.0,空欄,空欄
scanned_document_109_p07_r08_c5.png,scanned_document_109_p07,8,1年4ヶ月,0.0,空欄,空欄
scanned_document_109_p07_r08_c6.png,scanned_document_109_p07,8,1年8ヶ月,0.0,空欄,空欄
scanned_document_109_p07_r08_c7.png,scanned_document_109_p07,8,2年,0.0,空欄,空欄
scanned_document_109_p07_r09_c1.png,scanned_document_109_p07,9,2ヶ月,83.2,—,—
scanned_document_109_p07_r09_c2.png,scanned_document_109_p07,9,4ヶ月,0.0,空欄,空欄
scanned_document_109_p07_r09_c3.png,scanned_document_109_p07,9,8ヶ月,0.0,空欄,空欄
scanned_document_109_p07_r09_c4.png,scanned_document_109_p07,9,1年,31.5,空欄,空欄
scanned_document_109_p07_r09_c5.png,scanned_document_109_p07,9,1年4ヶ月,34.0,空欄,空欄
scanned_document_109_p07_r09_c6.png,scanned_document_109_p07,9,1年8ヶ月,35.2,空欄,空欄
scanned_document_109_p07_r09_c7.png,scanned_document_109_p07,9,2年,33.4,空欄,空欄
scanned_document_109_p07_r10_c1.png,scanned_document_109_p07,10,2ヶ月,55.0,—,—
scanned_document_109_p07_r10_c2.png,scanned_document_109_p07,10,4ヶ月,65.7,○,○
scanned_document_109_p07_r10_c3.png,scanned_document_109_p07,10,8ヶ月,61.2,○,○
scanned_document_109_p07_r10_c4.png,scanned_document_109_p07,10,1年,31.3,空欄,空欄
scanned_document_109_p07_r10_c5.png,scanned_document_109_p07,10,1年4ヶ月,0.0,空欄,空欄
scanned_document_109_p07_r10_c6.png,scanned_document_109_p07,10,1年8ヶ月,0.0,空欄,空欄
scanned_document_109_p07_r10_c7.png,scanned_document_109_p07,10,2年,38.7,空欄,空欄
scanned_document_109_p07_r11_c1.png,scanned_document_109_p07,11,2ヶ月,67.0,—,—
scanned_document_109_p07_r11_c2.png,scanned_document_109_p07,11,4ヶ月,70.7,○,○
scanned_document_109_p07_r11_c3.png,scanned_document_109_p07,11,8ヶ月,29.2,空欄,空欄
scanned_document_109_p07_r11_c4.png,scanned_document_109_p07,11,1年,28.7,空欄,空欄
scanned_document_109_p07_r11_c5.png,scanned_document_109_p07,11,1年4ヶ月,0.0,空欄,空欄
scanned_document_109_p07_r11_c6.png,scanned_document_109_p07,11,1年8ヶ月,0.0,空欄,空欄
scanned_document_109_p07_r11_c7.png,scanned_document_109_p07,11,2年,0.0,空欄,空欄
scanned_document_109_p07_r12_c1.png,scanned_document_109_p07,12,2ヶ月,79.1,—,—
scanned_document_109_p07_r12_c2.png,scanned_document_109_p07,12,4ヶ月,70.4,×,×
scanned_document_109_p07_r12_c3.png,scanned_document_109_p07,12,8ヶ月,0.0,空欄,空欄
scanned_document_109_p07_r12_c4.png,scanned_document_109_p07,12,1年,0.0,空欄,空欄
scanned_document_109_p07_r12_c5.png,scanned_document_109_p07,12,1年4ヶ月,0.0,空欄,空欄
scanned_document_109_p07_r12_c6.png,scanned_document_109_p07,12,1年8ヶ月,0.0,空欄,空欄
scanned_document_109_p07_r12_c7.png,scanned_document_109_p07,12,2年,0.0,空欄,空欄
scanned_document_109_p07_r13_c1.png,scanned_document_109_p07,13,2ヶ月,68.4,—,—
scanned_document_109_p07_r13_c2.png,scanned_document_109_p07,13,4ヶ月,31.6,空欄,空欄
scanned_document_109_p07_r13_c3.png,scanned_document_109_p07,13,8ヶ月,32.4,空欄,空欄
scanned_document_109_p07_r13_c4.png,scanned_document_109_p07,13,1年,29.5,空欄,空欄
scanned_document_109_p07_r13_c5.png,scanned_document_109_p07,13,1年4ヶ月,0.0,空欄,空欄
scanned_document_109_p07_r13_c6.png,scanned_document_109_p07,13,1年8ヶ月,0.0,空欄,空欄
scanned_document_109_p07_r13_c7.png,scanned_document_109_p07,13,2年,33.5,空欄,空欄
scanned_document_109_p07_r14_c1.png,scanned_document_109_p07,14,2ヶ月,68.0,—,—
scanned_document_109_p07_r14_c2.png,scanned_document_109_p07,14,4ヶ月,0.0,空欄,空欄
scanned_document_109_p07_r14_c3.png,scanned_document_109_p07,14,8ヶ月,0.0,空欄,空欄
scanned_document_109_p07_r14_c4.png,scanned_document_109_p07,14,1年,0.0,空欄,空欄
scanned_document_109_p07_r14_c5.png,scanned_document_109_p07,14,1年4ヶ月,0.0,空欄,空欄
scanned_document_109_p07_r14_c6.png,scanned_document_109_p07,14,1年8ヶ月,0.0,空欄,空欄
scanned_document_109_p07_r14_c7.png,scanned_document_109_p07,14,2年,0.0,空欄,空欄
scanned_document_109_p07_r15_c1.png,scanned_document_109_p07,15,2ヶ月,51.5,—,—
scanned_document_109_p07_r15_c2.png,scanned_document_109_p07,15,4ヶ月,33.1,空欄,空欄
scanned_document_109_p07_r15_c3.png,scanned_document_109_p07,15,8ヶ月,31.0,空欄,空欄
scanned_document_109_p07_r15_c4.png,scanned_document_109_p07,15,1年,29.5,空欄,空欄
scanned_document_109_p07_r15_c5.png,scanned_document_109_p07,15,1年4ヶ月,0.0,空欄,空欄
scanned_document_109_p07_r15_c6.png,scanned_document_109_p07,15,1年8ヶ月,0.0,空欄,空欄
scanned_document_109_p07_r15_c7.png,scanned_document_109_p07,15,2年,0.0,空欄,空欄
scanned_document_109_p07_r16_c1.png,scanned_document_109_p07,16,2ヶ月,74.5,—,—
scanned_document_109_p07_r16_c2.png,scanned_document_109_p07,16,4ヶ月,28.7,空欄,空欄
scanned_document_109_p07_r16_c3.png,scanned_document_109_p07,16,8ヶ月,32.7,空欄,空欄
scanned_document_109_p07_r16_c4.png,scanned_document_109_p07,16,1年,31.2,空欄,空欄
scanned_document_109_p07_r16_c5.png,scanned_document_109_p07,16,1年4ヶ月,0.0,空欄,空欄
scanned_document_109_p07_r16_c6.png,scanned_document_109_p07,16,1年8ヶ月,29.8,空欄,空欄
scanned_document_109_p07_r16_c7.png,scanned_document_109_p07,16,2年,30.8,空欄,空欄
scanned_document_109_p07_r17_c1.png,scanned_document_109_p07,17,2ヶ月,80.7,—,—
scanned_document_109_p07_r17_c2.png,scanned_document_109_p07,17,4ヶ月,0.0,空欄,空欄
scanned_document_109_p07_r17_c3.png,scanned_document_109_p07,17,8ヶ月,0.0,空欄,空欄
scanned_document_109_p07_r17_c4.png,scanned_document_109_p07,17,1年,30.0,空欄,空欄
scanned_document_109_p07_r17_c5.png,scanned_document_109_p07,17,1年4ヶ月,34.0,空欄,空欄
scanned_document_109_p07_r17_c6.png,scanned_document_109_p07,17,1年8ヶ月,32.3,空欄,空欄
scanned_document_109_p07_r17_c7.png,scanned_document_109_p07,17,2年,32.0,空欄,空欄
scanned_document_109_p07_r18_c1.png,scanned_document_109_p07,18,2ヶ月,0.0,空欄,空欄
scanned_document_109_p07_r18_c2.png,scanned_document_109_p07,18,4ヶ月,0.0,空欄,空欄
scanned_document_109_p07_r18_c3.png,scanned_document_109_p07,18,8ヶ月,0.0,空欄,空欄
scanned_document_109_p07_r18_c4.png,scanned_document_109_p07,18,1年,0.0,空欄,空欄
scanned_document_109_p07_r18_c5.png,scanned_document_109_p07,18,1年4ヶ月,0.0,空欄,空欄
scanned_document_109_p07_r18_c6.png,scanned_document_109_p07,18,1年8ヶ月,0.0,空欄,空欄
scanned_document_109_p07_r18_c7.png,scanned_document_109_p07,18,2年,0.0,空欄,空欄
scanned_document_109_p07_r19_c1.png,scanned_document_109_p07,19,2ヶ月,63.7,×,空欄
scanned_document_109_p07_r19_c2.png,scanned_document_109_p07,19,4ヶ月,66.6,○,○
scanned_document_109_p07_r19_c3.png,scanned_document_109_p07,19,8ヶ月,67.2,○,○
scanned_document_109_p07_r19_c4.png,scanned_document_109_p07,19,1年,0.0,空欄,空欄
scanned_document_109_p07_r19_c5.png,scanned_document_109_p07,19,1年4ヶ月,0.0,空欄,空欄
scanned_document_109_p07_r19_c6.png,scanned_document_109_p07,19,1年8ヶ月,0.0,空欄,空欄
scanned_document_109_p07_r19_c7.png,scanned_document_109_p07,19,2年,0.0,空欄,空欄
scanned_document_109_p07_r20_c1.png,scanned_document_109_p07,20,2ヶ月,71.5,—,—
scanned_document_109_p07_r20_c2.png,scanned_document_109_p07,20,4ヶ月,70.7,○,○
scanned_document_109_p07_r20_c3.png,scanned_document_109_p07,20,8ヶ月,0.0,空欄,空欄
scanned_document_109_p07_r20_c4.png,scanned_document_109_p07,20,1年,0.0,空欄,空欄
scanned_document_109_p07_r20_c5.png,scanned_document_109_p07,20,1年4ヶ月,0.0,空欄,空欄
scanned_document_109_p07_r20_c6.png,scanned_document_109_p07,20,1年8ヶ月,0.0,空欄,空欄
scanned_document_109_p07_r20_c7.png,scanned_document_109_p07,20,2年,0.0,空欄,空欄
scanned_document_109_p07_r21_c1.png,scanned_document_109_p07,21,2ヶ月,56.3,×,×
scanned_document_109_p07_r21_c2.png,scanned_document_109_p07,21,4ヶ月,31.0,空欄,空欄
scanned_document_109_p07_r21_c3.png,scanned_document_109_p07,21,8ヶ月,29.8,空欄,空欄
scanned_document_109_p07_r21_c4.png,scanned_document_109_p07,21,1年,0.0,空欄,空欄
scanned_document_109_p07_r21_c5.png,scanned_document_109_p07,21,1年4ヶ月,31.0,空欄,空欄
scanned_document_109_p07_r21_c6.png,scanned_document_109_p07,21,1年8ヶ月,0.0,空欄,空欄
scanned_document_109_p07_r21_c7.png,scanned_document_109_p07,21,2年,0.0,空欄,空欄
scanned_document_109_p07_r22_c1.png,scanned_document_109_p07,22,2ヶ月,67.5,×,×
scanned_document_109_p07_r22_c2.png,scanned_document_109_p07,22,4ヶ月,32.9,空欄,空欄
scanned_document_109_p07_r22_c3.png,scanned_document_109_p07,22,8ヶ月,31.0,空欄,空欄
scanned_document_109_p07_r22_c4.png,scanned_document_109_p07,22,1年,34.3,空欄,空欄
scanned_document_109_p07_r22_c5.png,scanned_document_109_p07,22,1年4ヶ月,30.5,空欄,空欄
scanned_document_109_p07_r22_c6.png,scanned_document_109_p07,22,1年8ヶ月,35.5,空欄,空欄
scanned_document_109_p07_r22_c7.png,scanned_document_109_p07,22,2年,31.6,空欄,空欄
scanned_document_109_p07_r23_c1.png,scanned_document_109_p07,23,2ヶ月,52.9,○,—
scanned_document_109_p07_r23_c2.png,scanned_document_109_p07,23,4ヶ月,60.4,○,○
scanned_document_109_p07_r23_c3.png,scanned_document_109_p07,23,8ヶ月,36.0,空欄,空欄
scanned_document_109_p07_r23_c4.png,scanned_document_109_p07,23,1年,28.7,空欄,空欄
scanned_document_109_p07_r23_c5.png,scanned_document_109_p07,23,1年4ヶ月,31.4,空欄,空欄
scanned_document_109_p07_r23_c6.png,scanned_document_109_p07,23,1年8ヶ月,32.1,空欄,空欄
scanned_document_109_p07_r23_c7.png,scanned_document_109_p07,23,2年,30.9,空欄,空欄
scanned_document_109_p07_r24_c1.png,scanned_document_109_p07,24,2ヶ月,73.2,—,—
scanned_document_109_p07_r24_c2.png,scanned_document_109_p07,24,4ヶ月,66.7,○,○
scanned_document_109_p07_r24_c3.png,scanned_document_109_p07,24,8ヶ月,0.0,空欄,空欄
scanned_document_109_p07_r24_c4.png,scanned_document_109_p07,24,1年,35.0,空欄,空欄
scanned_document_109_p07_r24_c5.png,scanned_document_109_p07,24,1年4ヶ月,29.4,空欄,空欄
scanned_document_109_p07_r24_c6.png,scanned_document_109_p07,24,1年8ヶ月,31.8,空欄,空欄
scanned_document_109_p07_r24_c7.png,scanned_document_109_p07,24,2年,31.3,空欄,空欄
scanned_document_109_p07_r25_c1.png,scanned_document_109_p07,25,2ヶ月,76.4,—,—
scanned_document_109_p07_r25_c2.png,scanned_document_109_p07,25,4ヶ月,177.3,◎,○
scanned_document_109_p07_r25_c3.png,scanned_document_109_p07,25,8ヶ月,0.0,空欄,空欄
scanned_document_109_p07_r25_c4.png,scanned_document_109_p07,25,1年,0.0,空欄,空欄
scanned_document_109_p07_r25_c5.png,scanned_document_109_p07,25,1年4ヶ月,0.0,空欄,空欄
scanned_document_109_p07_r25_c6.png,scanned_document_109_p07,25,1年8ヶ月,0.0,空欄,空欄
scanned_document_109_p07_r25_c7.png,scanned_document_109_p07,25,2年,0.0,空欄,空欄
scanned_document_109_p07_r26_c1.png,scanned_document_109_p07,26,2ヶ月,64.1,—,空欄
scanned_document_109_p07_r26_c2.png,scanned_document_109_p07,26,4ヶ月,32.3,空欄,空欄
scanned_document_109_p07_r26_c3.png,scanned_document_109_p07,26,8ヶ月,32.3,空欄,空欄
scanned_document_109_p07_r26_c4.png,scanned_document_109_p07,26,1年,32.0,空欄,空欄
scanned_document_109_p07_r26_c5.png,scanned_document_109_p07,26,1年4ヶ月,0.0,空欄,空欄
scanned_document_109_p07_r26_c6.png,scanned_document_109_p07,26,1年8ヶ月,31.3,空欄,空欄
scanned_document_109_p07_r26_c7.png,scanned_document_109_p07,26,2年,32.4,空欄,空欄
scanned_document_109_p07_r27_c1.png,scanned_document_109_p07,27,2ヶ月,70.2,—,—
scanned_document_109_p07_r27_c2.png,scanned_document_109_p07,27,4ヶ月,31.6,空欄,空欄
scanned_document_109_p07_r27_c3.png,scanned_document_109_p07,27,8ヶ月,33.7,空欄,空欄
scanned_document_109_p07_r27_c4.png,scanned_document_109_p07,27,1年,31.3,空欄,空欄
scanned_document_109_p07_r27_c5.png,scanned_document_109_p07,27,1年4ヶ月,31.0,空欄,空欄
scanned_document_109_p07_r27_c6.png,scanned_document_109_p07,27,1年8ヶ月,0.0,空欄,空欄
scanned_document_109_p07_r27_c7.png,scanned_document_109_p07,27,2年,0.0,空欄,空欄
scanned_document_109_p07_r28_c1.png,scanned_document_109_p07,28,2ヶ月,70.6,—,—
scanned_document_109_p07_r28_c2.png,scanned_document_109_p07,28,4ヶ月,64.1,○,○
scanned_document_109_p07_r28_c3.png,scanned_document_109_p07,28,8ヶ月,62.2,○,○
scanned_document_109_p07_r28_c4.png,scanned_document_109_p07,28,1年,34.7,空欄,空欄
scanned_document_109_p07_r28_c5.png,scanned_document_109_p07,28,1年4ヶ月,28.1,空欄,空欄
scanned_document_109_p07_r28_c6.png,scanned_document_109_p07,28,1年8ヶ月,0.0,空欄,空欄
scanned_document_109_p07_r28_c7.png,scanned_document_109_p07,28,2年,31.7,空欄,空欄
scanned_document_109_p07_r29_c1.png,scanned_document_109_p07,29,2ヶ月,83.4,—,—
scanned_document_109_p07_r29_c2.png,scanned_document_109_p07,29,4ヶ月,67.0,○,○
scanned_document_109_p07_r29_c3.png,scanned_document_109_p07,29,8ヶ月,0.0,空欄,空欄
scanned_document_109_p07_r29_c4.png,scanned_document_109_p07,29,1年,0.0,空欄,空欄
scanned_document_109_p07_r29_c5.png,scanned_document_109_p07,29,1年4ヶ月,0.0,空欄,空欄
scanned_document_109_p07_r29_c6.png,scanned_document_109_p07,29,1年8ヶ月,0.0,空欄,空欄
scanned_document_109_p07_r29_c7.png,scanned_document_109_p07,29,2年,0.0,空欄,空欄
scanned_document_109_p08_r01_c1.png,scanned_document_109_p08,1,2ヶ月,80.2,空欄,
scanned_document_109_p08_r01_c2.png,scanned_document_109_p08,1,4ヶ月,57.2,空欄,
scanned_document_109_p08_r01_c3.png,scanned_document_109_p08,1,8ヶ月,64.8,空欄,
scanned_document_109_p08_r01_c4.png,scanned_document_109_p08,1,1年,166.2,◎,
scanned_document_109_p08_r01_c5.png,scanned_document_109_p08,1,1年4ヶ月,69.9,空欄,
scanned_document_109_p08_r01_c6.png,scanned_document_109_p08,1,1年8ヶ月,65.6,空欄,
scanned_document_109_p08_r01_c7.png,scanned_document_109_p08,1,2年,53.0,空欄,
scanned_document_109_p08_r02_c1.png,scanned_document_109_p08,2,2ヶ月,165.5,◎,
scanned_document_109_p08_r02_c2.png,scanned_document_109_p08,2,4ヶ月,168.7,◎,
scanned_document_109_p08_r02_c3.png,scanned_document_109_p08,2,8ヶ月,165.0,◎,
scanned_document_109_p08_r02_c4.png,scanned_document_109_p08,2,1年,170.7,◎,
scanned_document_109_p08_r02_c5.png,scanned_document_109_p08,2,1年4ヶ月,171.4,◎,
scanned_document_109_p08_r02_c6.png,scanned_document_109_p08,2,1年8ヶ月,167.7,◎,
scanned_document_109_p08_r02_c7.png,scanned_document_109_p08,2,2年,165.0,◎,
scanned_document_109_p08_r03_c1.png,scanned_document_109_p08,3,2ヶ月,52.7,×,×
scanned_document_109_p08_r03_c2.png,scanned_document_109_p08,3,4ヶ月,68.7,○,在庫なし
scanned_document_109_p08_r03_c3.png,scanned_document_109_p08,3,8ヶ月,0.0,空欄,空欄
scanned_document_109_p08_r03_c4.png,scanned_document_109_p08,3,1年,0.0,空欄,空欄
scanned_document_109_p08_r03_c5.png,scanned_document_109_p08,3,1年4ヶ月,0.0,空欄,空欄
scanned_document_109_p08_r03_c6.png,scanned_document_109_p08,3,1年8ヶ月,30.8,空欄,空欄
scanned_document_109_p08_r03_c7.png,scanned_document_109_p08,3,2年,29.0,空欄,空欄
scanned_document_109_p08_r04_c1.png,scanned_document_109_p08,4,2ヶ月,179.6,×,×
scanned_document_109_p08_r04_c2.png,scanned_document_109_p08,4,4ヶ月,168.3,◎,在庫なし
scanned_document_109_p08_r04_c3.png,scanned_document_109_p08,4,8ヶ月,29.0,空欄,空欄
scanned_document_109_p08_r04_c4.png,scanned_document_109_p08,4,1年,0.0,空欄,空欄
scanned_document_109_p08_r04_c5.png,scanned_document_109_p08,4,1年4ヶ月,0.0,空欄,空欄
scanned_document_109_p08_r04_c6.png,scanned_document_109_p08,4,1年8ヶ月,0.0,空欄,空欄
scanned_document_109_p08_r04_c7.png,scanned_document_109_p08,4,2年,0.0,空欄,空欄
scanned_document_109_p08_r05_c1.png,scanned_document_109_p08,5,2ヶ月,0.0,空欄,空欄
scanned_document_109_p08_r05_c2.png,scanned_document_109_p08,5,4ヶ月,28.0,空欄,空欄
scanned_document_109_p08_r05_c3.png,scanned_document_109_p08,5,8ヶ月,0.0,空欄,空欄
scanned_document_109_p08_r05_c4.png,scanned_document_109_p08,5,1年,0.0,空欄,空欄
scanned_document_109_p08_r05_c5.png,scanned_document_109_p08,5,1年4ヶ月,31.8,空欄,空欄
scanned_document_109_p08_r05_c6.png,scanned_document_109_p08,5,1年8ヶ月,28.5,空欄,空欄
scanned_document_109_p08_r05_c7.png,scanned_document_109_p08,5,2年,30.7,空欄,空欄
scanned_document_109_p08_r06_c1.png,scanned_document_109_p08,6,2ヶ月,0.0,空欄,空欄
scanned_document_109_p08_r06_c2.png,scanned_document_109_p08,6,4ヶ月,0.0,空欄,空欄
scanned_document_109_p08_r06_c3.png,scanned_document_109_p08,6,8ヶ月,0.0,空欄,空欄
scanned_document_109_p08_r06_c4.png,scanned_document_109_p08,6,1年,0.0,空欄,空欄
scanned_document_109_p08_r06_c5.png,scanned_document_109_p08,6,1年4ヶ月,0.0,空欄,空欄
scanned_document_109_p08_r06_c6.png,scanned_document_109_p08,6,1年8ヶ月,0.0,空欄,空欄
scanned_document_109_p08_r06_c7.png,scanned_document_109_p08,6,2年,0.0,空欄,空欄
scanned_document_109_p08_r07_c1.png,scanned_document_109_p08,7,2ヶ月,78.1,—,—
scanned_document_109_p08_r07_c2.png,scanned_document_109_p08,7,4ヶ月,0.0,空欄,空欄
scanned_document_109_p08_r07_c3.png,scanned_document_109_p08,7,8ヶ月,0.0,空欄,空欄
scanned_document_109_p08_r07_c4.png,scanned_document_109_p08,7,1年,0.0,空欄,空欄
scanned_document_109_p08_r07_c5.png,scanned_document_109_p08,7,1年4ヶ月,0.0,空欄,空欄
scanned_document_109_p08_r07_c6.png,scanned_document_109_p08,7,1年8ヶ月,0.0,空欄,空欄
scanned_document_109_p08_r07_c7.png,scanned_document_109_p08,7,2年,30.0,空欄,空欄
scanned_document_109_p08_r08_c1.png,scanned_document_109_p08,8,2ヶ月,64.4,—,—
scanned_document_109_p08_r08_c2.png,scanned_document_109_p08,8,4ヶ月,0.0,空欄,空欄
scanned_document_109_p08_r08_c3.png,scanned_document_109_p08,8,8ヶ月,0.0,空欄,空欄
scanned_document_109_p08_r08_c4.png,scanned_document_109_p08,8,1年,0.0,空欄,空欄
scanned_document_109_p08_r08_c5.png,scanned_document_109_p08,8,1年4ヶ月,0.0,空欄,空欄
scanned_document_109_p08_r08_c6.png,scanned_document_109_p08,8,1年8ヶ月,0.0,空欄,空欄
scanned_document_109_p08_r08_c7.png,scanned_document_109_p08,8,2年,0.0,空欄,空欄
scanned_document_109_p08_r09_c1.png,scanned_document_109_p08,9,2ヶ月,72.2,—,空欄
scanned_document_109_p08_r09_c2.png,scanned_document_109_p08,9,4ヶ月,62.5,○,○
scanned_document_109_p08_r09_c3.png,scanned_document_109_p08,9,8ヶ月,65.8,○,○
scanned_document_109_p08_r09_c4.png,scanned_document_109_p08,9,1年,30.0,空欄,空欄
scanned_document_109_p08_r09_c5.png,scanned_document_109_p08,9,1年4ヶ月,0.0,空欄,空欄
scanned_document_109_p08_r09_c6.png,scanned_document_109_p08,9,1年8ヶ月,0.0,空欄,空欄
scanned_document_109_p08_r09_c7.png,scanned_document_109_p08,9,2年,28.0,空欄,空欄
scanned_document_109_p08_r10_c1.png,scanned_document_109_p08,10,2ヶ月,65.7,—,空欄
scanned_document_109_p08_r10_c2.png,scanned_document_109_p08,10,4ヶ月,60.8,○,○
scanned_document_109_p08_r10_c3.png,scanned_document_109_p08,10,8ヶ月,30.8,空欄,空欄
scanned_document_109_p08_r10_c4.png,scanned_document_109_p08,10,1年,28.7,空欄,空欄
scanned_document_109_p08_r10_c5.png,scanned_document_109_p08,10,1年4ヶ月,31.6,空欄,空欄
scanned_document_109_p08_r10_c6.png,scanned_document_109_p08,10,1年8ヶ月,32.4,空欄,空欄
scanned_document_109_p08_r10_c7.png,scanned_document_109_p08,10,2年,28.6,空欄,空欄
scanned_document_109_p08_r11_c1.png,scanned_document_109_p08,11,2ヶ月,64.3,—,—
scanned_document_109_p08_r11_c2.png,scanned_document_109_p08,11,4ヶ月,68.6,×,×
scanned_document_109_p08_r11_c3.png,scanned_document_109_p08,11,8ヶ月,0.0,空欄,空欄
scanned_document_109_p08_r11_c4.png,scanned_document_109_p08,11,1年,28.0,空欄,空欄
scanned_document_109_p08_r11_c5.png,scanned_document_109_p08,11,1年4ヶ月,29.0,空欄,空欄
scanned_document_109_p08_r11_c6.png,scanned_document_109_p08,11,1年8ヶ月,28.0,空欄,空欄
scanned_document_109_p08_r11_c7.png,scanned_document_109_p08,11,2年,29.7,空欄,空欄
scanned_document_109_p08_r12_c1.png,scanned_document_109_p08,12,2ヶ月,71.1,—,—
scanned_document_109_p08_r12_c2.png,scanned_document_109_p08,12,4ヶ月,0.0,空欄,空欄
scanned_document_109_p08_r12_c3.png,scanned_document_109_p08,12,8ヶ月,0.0,空欄,空欄
scanned_document_109_p08_r12_c4.png,scanned_document_109_p08,12,1年,0.0,空欄,空欄
scanned_document_109_p08_r12_c5.png,scanned_document_109_p08,12,1年4ヶ月,0.0,空欄,空欄
scanned_document_109_p08_r12_c6.png,scanned_document_109_p08,12,1年8ヶ月,0.0,空欄,空欄
scanned_document_109_p08_r12_c7.png,scanned_document_109_p08,12,2年,0.0,空欄,空欄
scanned_document_109_p08_r13_c1.png,scanned_document_109_p08,13,2ヶ月,65.1,—,—
scanned_document_109_p08_r13_c2.png,scanned_document_109_p08,13,4ヶ月,30.0,空欄,空欄
scanned_document_109_p08_r13_c3.png,scanned_document_109_p08,13,8ヶ月,28.0,空欄,空欄
scanned_document_109_p08_r13_c4.png,scanned_document_109_p08,13,1年,0.0,空欄,空欄
scanned_document_109_p08_r13_c5.png,scanned_document_109_p08,13,1年4ヶ月,33.0,空欄,空欄
scanned_document_109_p08_r13_c6.png,scanned_document_109_p08,13,1年8ヶ月,30.0,空欄,空欄
scanned_document_109_p08_r13_c7.png,scanned_document_109_p08,13,2年,31.3,空欄,空欄
scanned_document_109_p08_r14_c1.png,scanned_document_109_p08,14,2ヶ月,60.2,—,—
scanned_document_109_p08_r14_c2.png,scanned_document_109_p08,14,4ヶ月,32.6,空欄,空欄
scanned_document_109_p08_r14_c3.png,scanned_document_109_p08,14,8ヶ月,29.0,空欄,空欄
scanned_document_109_p08_r14_c4.png,scanned_document_109_p08,14,1年,33.9,空欄,空欄
scanned_document_109_p08_r14_c5.png,scanned_document_109_p08,14,1年4ヶ月,36.2,空欄,空欄
scanned_document_109_p08_r14_c6.png,scanned_document_109_p08,14,1年8ヶ月,36.7,空欄,空欄
scanned_document_109_p08_r14_c7.png,scanned_document_109_p08,14,2年,40.3,空欄,空欄
scanned_document_109_p08_r15_c1.png,scanned_document_109_p08,15,2ヶ月,64.3,—,—
scanned_document_109_p08_r15_c2.png,scanned_document_109_p08,15,4ヶ月,0.0,空欄,空欄
scanned_document_109_p08_r15_c3.png,scanned_document_109_p08,15,8ヶ月,91.2,空欄,空欄
scanned_document_109_p08_r15_c4.png,scanned_document_109_p08,15,1年,28.7,空欄,空欄
scanned_document_109_p08_r15_c5.png,scanned_document_109_p08,15,1年4ヶ月,0.0,空欄,空欄
scanned_document_109_p08_r15_c6.png,scanned_document_109_p08,15,1年8ヶ月,31.7,空欄,空欄
scanned_document_109_p08_r15_c7.png,scanned_document_109_p08,15,2年,29.5,空欄,空欄
scanned_document_109_p08_r16_c1.png,scanned_document_109_p08,16,2ヶ月,53.2,—,—
scanned_document_109_p08_r16_c2.png,scanned_document_109_p08,16,4ヶ月,29.0,空欄,空欄
scanned_document_109_p08_r16_c3.png,scanned_document_109_p08,16,8ヶ月,29.0,空欄,空欄
scanned_document_109_p08_r16_c4.png,scanned_document_109_p08,16,1年,29.0,空欄,空欄
scanned_document_109_p08_r16_c5.png,scanned_document_109_p08,16,1年4ヶ月,0.0,空欄,空欄
scanned_document_109_p08_r16_c6.png,scanned_document_109_p08,16,1年8ヶ月,0.0,空欄,空欄
scanned_document_109_p08_r16_c7.png,scanned_document_109_p08,16,2年,0.0,空欄,空欄
scanned_document_109_p08_r17_c1.png,scanned_document_109_p08,17,2ヶ月,30.5,空欄,空欄
scanned_document_109_p08_r17_c2.png,scanned_document_109_p08,17,4ヶ月,28.0,空欄,空欄
scanned_document_109_p08_r17_c3.png,scanned_document_109_p08,17,8ヶ月,0.0,空欄,空欄
scanned_document_109_p08_r17_c4.png,scanned_document_109_p08,17,1年,33.0,空欄,空欄
scanned_document_109_p08_r17_c5.png,scanned_document_109_p08,17,1年4ヶ月,32.0,空欄,空欄
scanned_document_109_p08_r17_c6.png,scanned_document_109_p08,17,1年8ヶ月,31.2,空欄,空欄
scanned_document_109_p08_r17_c7.png,scanned_document_109_p08,17,2年,28.0,空欄,空欄
scanned_document_109_p08_r18_c1.png,scanned_document_109_p08,18,2ヶ月,62.4,—,空欄
scanned_document_109_p08_r18_c2.png,scanned_document_109_p08,18,4ヶ月,56.7,○,○
scanned_document_109_p08_r18_c3.png,scanned_document_109_p08,18,8ヶ月,57.5,○,○
scanned_document_109_p08_r18_c4.png,scanned_document_109_p08,18,1年,32.2,空欄,空欄
scanned_document_109_p08_r18_c5.png,scanned_document_109_p08,18,1年4ヶ月,33.2,空欄,空欄
scanned_document_109_p08_r18_c6.png,scanned_document_109_p08,18,1年8ヶ月,32.1,空欄,空欄
scanned_document_109_p08_r18_c7.png,scanned_document_109_p08,18,2年,37.0,空欄,空欄
scanned_document_109_p08_r19_c1.png,scanned_document_109_p08,19,2ヶ月,64.8,—,—
scanned_document_109_p08_r19_c2.png,scanned_document_109_p08,19,4ヶ月,59.6,○,○
scanned_document_109_p08_r19_c3.png,scanned_document_109_p08,19,8ヶ月,0.0,空欄,空欄
scanned_document_109_p08_r19_c4.png,scanned_document_109_p08,19,1年,0.0,空欄,空欄
scanned_document_109_p08_r19_c5.png,scanned_document_109_p08,19,1年4ヶ月,29.1,空欄,空欄
scanned_document_109_p08_r19_c6.png,scanned_document_109_p08,19,1年8ヶ月,30.8,空欄,空欄
scanned_document_109_p08_r19_c7.png,scanned_document_109_p08,19,2年,30.4,空欄,空欄
scanned_document_109_p08_r20_c1.png,scanned_document_109_p08,20,2ヶ月,53.8,×,×
scanned_document_109_p08_r20_c2.png,scanned_document_109_p08,20,4ヶ月,32.9,空欄,空欄
scanned_document_109_p08_r20_c3.png,scanned_document_109_p08,20,8ヶ月,34.6,空欄,空欄
scanned_document_109_p08_r20_c4.png,scanned_document_109_p08,20,1年,32.7,空欄,空欄
scanned_document_109_p08_r20_c5.png,scanned_document_109_p08,20,1年4ヶ月,39.2,空欄,空欄
scanned_document_109_p08_r20_c6.png,scanned_document_109_p08,20,1年8ヶ月,51.5,空欄,空欄
scanned_document_109_p08_r20_c7.png,scanned_document_109_p08,20,2年,51.7,空欄,空欄
scanned_document_109_p08_r21_c1.png,scanned_document_109_p08,21,2ヶ月,183.5,×,×
scanned_document_109_p08_r21_c2.png,scanned_document_109_p08,21,4ヶ月,0.0,空欄,空欄
scanned_document_109_p08_r21_c3.png,scanned_document_109_p08,21,8ヶ月,0.0,空欄,空欄
scanned_document_109_p08_r21_c4.png,scanned_document_109_p08,21,1年,0.0,空欄,空欄
scanned_document_109_p08_r21_c5.png,scanned_document_109_p08,21,1年4ヶ月,0.0,空欄,空欄
scanned_document_109_p08_r21_c6.png,scanned_document_109_p08,21,1年8ヶ月,0.0,空欄,空欄
scanned_document_109_p08_r21_c7.png,scanned_document_109_p08,21,2年,0.0,空欄,空欄
scanned_document_109_p08_r22_c1.png,scanned_document_109_p08,22,2ヶ月,61.7,—,—
scanned_document_109_p08_r22_c2.png,scanned_document_109_p08,22,4ヶ月,63.1,○,○
scanned_document_109_p08_r22_c3.png,scanned_document_109_p08,22,8ヶ月,0.0,空欄,空欄
scanned_document_109_p08_r22_c4.png,scanned_document_109_p08,22,1年,0.0,空欄,空欄
scanned_document_109_p08_r22_c5.png,scanned_document_109_p08,22,1年4ヶ月,0.0,空欄,空欄
scanned_document_109_p08_r22_c6.png,scanned_document_109_p08,22,1年8ヶ月,29.3,空欄,空欄
scanned_document_109_p08_r22_c7.png,scanned_document_109_p08,22,2年,0.0,空欄,空欄
scanned_document_109_p08_r23_c1.png,scanned_document_109_p08,23,2ヶ月,67.5,—,—
scanned_document_109_p08_r23_c2.png,scanned_document_109_p08,23,4ヶ月,61.4,○,○
scanned_document_109_p08_r23_c3.png,scanned_document_109_p08,23,8ヶ月,30.8,空欄,空欄
scanned_document_109_p08_r23_c4.png,scanned_document_109_p08,23,1年,0.0,空欄,空欄
scanned_document_109_p08_r23_c5.png,scanned_document_109_p08,23,1年4ヶ月,0.0,空欄,空欄
scanned_document_109_p08_r23_c6.png,scanned_document_109_p08,23,1年8ヶ月,30.5,空欄,空欄
scanned_document_109_p08_r23_c7.png,scanned_document_109_p08,23,2年,31.9,空欄,空欄
scanned_document_109_p08_r24_c1.png,scanned_document_109_p08,24,2ヶ月,64.8,—,—
scanned_document_109_p08_r24_c2.png,scanned_document_109_p08,24,4ヶ月,30.4,空欄,空欄
scanned_document_109_p08_r24_c3.png,scanned_document_109_p08,24,8ヶ月,28.5,空欄,空欄
scanned_document_109_p08_r24_c4.png,scanned_document_109_p08,24,1年,0.0,空欄,空欄
scanned_document_109_p08_r24_c5.png,scanned_document_109_p08,24,1年4ヶ月,0.0,空欄,空欄
scanned_document_109_p08_r24_c6.png,scanned_document_109_p08,24,1年8ヶ月,33.5,空欄,空欄
scanned_document_109_p08_r24_c7.png,scanned_document_109_p08,24,2年,0.0,空欄,空欄
scanned_document_109_p08_r25_c1.png,scanned_document_109_p08,25,2ヶ月,70.9,—,—
scanned_document_109_p08_r25_c2.png,scanned_document_109_p08,25,4ヶ月,0.0,空欄,空欄
scanned_document_109_p08_r25_c3.png,scanned_document_109_p08,25,8ヶ月,0.0,空欄,空欄
scanned_document_109_p08_r25_c4.png,scanned_document_109_p08,25,1年,0.0,空欄,空欄
scanned_document_109_p08_r25_c5.png,scanned_document_109_p08,25,1年4ヶ月,0.0,空欄,空欄
scanned_document_109_p08_r25_c6.png,scanned_document_109_p08,25,1年8ヶ月,0.0,空欄,空欄
scanned_document_109_p08_r25_c7.png,scanned_document_109_p08,25,2年,0.0,空欄,空欄
scanned_document_109_p08_r26_c1.png,scanned_document_109_p08,26,2ヶ月,54.9,—,—
scanned_document_109_p08_r26_c2.png,scanned_document_109_p08,26,4ヶ月,29.2,空欄,空欄
scanned_document_109_p08_r26_c3.png,scanned_document_109_p08,26,8ヶ月,35.5,空欄,空欄
scanned_document_109_p08_r26_c4.png,scanned_document_109_p08,26,1年,28.0,空欄,空欄
scanned_document_109_p08_r26_c5.png,scanned_document_109_p08,26,1年4ヶ月,0.0,空欄,空欄
scanned_document_109_p08_r26_c6.png,scanned_document_109_p08,26,1年8ヶ月,0.0,空欄,空欄
scanned_document_109_p08_r26_c7.png,scanned_document_109_p08,26,2年,28.0,空欄,空欄
scanned_document_109_p08_r27_c1.png,scanned_document_109_p08,27,2ヶ月,67.5,×,—
scanned_document_109_p08_r27_c2.png,scanned_document_109_p08,27,4ヶ月,62.0,○,○
scanned_document_109_p08_r27_c3.png,scanned_document_109_p08,27,8ヶ月,170.7,◎,○
scanned_document_109_p08_r27_c4.png,scanned_document_109_p08,27,1年,0.0,空欄,空欄
scanned_document_109_p08_r27_c5.png,scanned_document_109_p08,27,1年4ヶ月,28.0,空欄,空欄
scanned_document_109_p08_r27_c6.png,scanned_document_109_p08,27,1年8ヶ月,28.7,空欄,空欄
scanned_document_109_p08_r27_c7.png,scanned_document_109_p08,27,2年,29.2,空欄,—
scanned_document_109_p08_r28_c1.png,scanned_document_109_p08,28,2ヶ月,73.6,—,空欄
scanned_document_109_p08_r28_c2.png,scanned_document_109_p08,28,4ヶ月,61.7,○,○
scanned_document_109_p08_r28_c3.png,scanned_document_109_p08,28,8ヶ月,0.0,空欄,空欄
scanned_document_109_p08_r28_c4.png,scanned_document_109_p08,28,1年,0.0,空欄,空欄
scanned_document_109_p08_r28_c5.png,scanned_document_109_p08,28,1年4ヶ月,0.0,空欄,空欄
scanned_document_109_p08_r28_c6.png,scanned_document_109_p08,28,1年8ヶ月,29.0,空欄,空欄
scanned_document_109_p08_r28_c7.png,scanned_document_109_p08,28,2年,33.0,空欄,空欄
